id,identifier,species_id,height,weight,hp,attack,defense,special attack,special defense,speed,type1_id,type2_id,base_experience,order,is_default,generation_id,evolves_from_species_id,evolution_chain_id,color_id,shape_id,habitat_id,gender_rate,capture_rate,base_happiness,is_baby,hatch_counter,has_gender_differences,growth_rate_id,forms_switchable,order,conquest_order
1,bulbasaur,1,7,69,45,49,49,65,65,45,12,4,64,1,1,1,,1,5,8,3,1,45,70,0,20,0,4,0,1,
2,ivysaur,2,10,130,60,62,63,80,80,60,12,4,142,2,1,1,1,1,5,8,3,1,45,70,0,20,0,4,0,2,
3,venusaur,3,20,1000,80,82,83,100,100,80,12,4,236,3,1,1,2,1,5,8,3,1,45,70,0,20,1,4,1,3,
4,charmander,4,6,85,39,52,43,60,50,65,10,,62,5,1,1,,2,8,6,4,1,45,70,0,20,0,4,0,4,109
5,charmeleon,5,11,190,58,64,58,80,65,80,10,,142,6,1,1,4,2,8,6,4,1,45,70,0,20,0,4,0,5,110
6,charizard,6,17,905,78,84,78,109,85,100,10,3,240,7,1,1,5,2,8,6,4,1,45,70,0,20,0,4,1,6,111
7,squirtle,7,5,90,44,48,65,50,64,43,11,,63,10,1,1,,3,2,6,9,1,45,70,0,20,0,4,0,7,
8,wartortle,8,10,225,59,63,80,65,80,58,11,,142,11,1,1,7,3,2,6,9,1,45,70,0,20,0,4,0,8,
9,blastoise,9,16,855,79,83,100,85,105,78,11,,239,12,1,1,8,3,2,6,9,1,45,70,0,20,0,4,1,9,
10,caterpie,10,3,29,45,30,35,20,20,45,7,,39,14,1,1,,4,5,2,2,4,255,70,0,15,0,2,0,10,
11,metapod,11,7,99,50,20,55,25,25,30,7,,72,15,1,1,10,4,5,2,2,4,120,70,0,15,0,2,0,11,
12,butterfree,12,11,320,60,45,50,90,80,70,7,3,173,16,1,1,11,4,9,13,2,4,45,70,0,15,1,2,0,12,
13,weedle,13,3,32,40,35,30,20,20,50,7,4,39,17,1,1,,5,3,2,2,4,255,70,0,15,0,2,0,13,
14,kakuna,14,6,100,45,25,50,25,25,35,7,4,72,18,1,1,13,5,10,2,2,4,120,70,0,15,0,2,0,14,
15,beedrill,15,10,295,65,90,40,45,80,75,7,4,173,19,1,1,14,5,10,13,2,4,45,70,0,15,0,2,0,15,177
16,pidgey,16,3,18,40,45,40,35,35,56,1,3,50,20,1,1,,6,3,9,2,4,255,70,0,15,0,4,0,16,
17,pidgeotto,17,11,300,63,60,55,50,50,71,1,3,122,21,1,1,16,6,3,9,2,4,120,70,0,15,0,4,0,17,
18,pidgeot,18,15,395,83,80,75,70,70,101,1,3,211,22,1,1,17,6,3,9,2,4,45,70,0,15,0,4,0,18,
19,rattata,19,3,35,30,56,35,25,35,72,1,,51,23,1,1,,7,7,8,3,4,255,70,0,15,1,2,0,19,
20,raticate,20,7,185,55,81,60,50,70,97,1,,145,24,1,1,19,7,3,8,3,4,127,70,0,15,1,2,0,20,
21,spearow,21,3,20,40,60,30,31,31,70,1,3,52,25,1,1,,8,3,9,6,4,255,70,0,15,0,2,0,21,
22,fearow,22,12,380,65,90,65,61,61,100,1,3,155,26,1,1,21,8,3,9,6,4,90,70,0,15,0,2,0,22,
23,ekans,23,20,69,35,60,44,40,54,55,4,,58,27,1,1,,9,7,2,3,4,255,70,0,20,0,2,0,23,54
24,arbok,24,35,650,60,85,69,65,79,80,4,,153,28,1,1,23,9,7,2,3,4,90,70,0,20,0,2,0,24,55
25,pikachu,25,4,60,35,55,40,50,50,90,13,,105,30,1,1,172,10,10,8,2,4,190,70,0,10,1,2,0,26,16
26,raichu,26,8,300,60,90,55,90,80,110,13,,214,31,1,1,25,10,10,6,2,4,75,70,0,10,1,2,0,27,17
27,sandshrew,27,6,120,50,75,85,20,30,40,5,,60,32,1,1,,11,10,6,6,4,255,70,0,20,0,2,0,28,
28,sandslash,28,10,295,75,100,110,45,55,65,5,,158,33,1,1,27,11,10,6,6,4,90,70,0,20,0,2,0,29,
29,nidoran-f,29,4,70,55,47,52,40,40,41,4,,55,34,1,1,,12,2,8,3,8,235,70,0,20,0,4,0,30,
30,nidorina,30,8,200,70,62,67,55,55,56,4,,128,35,1,1,29,12,2,8,3,8,120,70,0,20,0,4,0,31,
31,nidoqueen,31,13,600,90,92,87,75,85,76,4,5,223,36,1,1,30,12,2,6,3,8,45,70,0,20,0,4,0,32,
32,nidoran-m,32,5,90,46,57,40,40,40,50,4,,55,37,1,1,,13,7,8,3,0,235,70,0,20,0,4,0,33,
33,nidorino,33,9,195,61,72,57,55,55,65,4,,128,38,1,1,32,13,7,8,3,0,120,70,0,20,0,4,0,34,
34,nidoking,34,14,620,81,102,77,85,75,85,4,5,223,39,1,1,33,13,7,6,3,0,45,70,0,20,0,4,0,35,
35,clefairy,35,6,75,70,45,48,60,65,35,18,,113,41,1,1,173,14,6,6,4,6,150,140,0,10,0,3,0,37,
36,clefable,36,13,400,95,70,73,95,90,60,18,,213,42,1,1,35,14,6,6,4,6,25,140,0,10,0,3,0,38,
37,vulpix,37,6,99,38,41,40,50,65,65,10,,60,43,1,1,,15,3,8,3,6,190,70,0,20,0,2,0,39,
38,ninetales,38,11,199,73,76,75,81,100,100,10,,177,44,1,1,37,15,10,8,3,6,75,70,0,20,0,2,0,40,
39,jigglypuff,39,5,55,115,45,20,45,25,20,1,18,95,46,1,1,174,16,6,12,3,6,170,70,0,10,0,3,0,42,21
40,wigglytuff,40,10,120,140,70,45,85,50,45,1,18,191,47,1,1,39,16,6,12,3,6,50,70,0,10,0,3,0,43,22
41,zubat,41,8,75,40,45,35,30,40,55,4,3,49,48,1,1,,17,7,9,1,4,255,70,0,15,1,2,0,44,23
42,golbat,42,16,550,75,80,70,65,75,90,4,3,159,49,1,1,41,17,7,9,1,4,90,70,0,15,1,2,0,45,24
43,oddish,43,5,54,45,50,55,75,65,30,12,4,64,51,1,1,,18,2,7,3,4,255,70,0,20,0,4,0,47,
44,gloom,44,8,86,60,65,70,85,75,40,12,4,138,52,1,1,43,18,2,12,3,4,120,70,0,20,1,4,0,48,
45,vileplume,45,12,186,75,80,85,110,90,50,12,4,216,53,1,1,44,18,8,12,3,4,45,70,0,20,1,4,0,49,
46,paras,46,3,54,35,70,55,45,55,25,7,12,57,55,1,1,,19,8,14,2,4,190,70,0,20,0,2,0,51,
47,parasect,47,10,295,60,95,80,60,80,30,7,12,142,56,1,1,46,19,8,14,2,4,75,70,0,20,0,2,0,52,
48,venonat,48,10,300,60,55,50,40,55,45,7,4,61,57,1,1,,20,7,12,2,4,190,70,0,20,0,2,0,53,
49,venomoth,49,15,125,70,65,60,90,75,90,7,4,158,58,1,1,48,20,7,13,2,4,75,70,0,20,0,2,0,54,
50,diglett,50,2,8,10,55,25,35,45,95,5,,53,59,1,1,,21,3,5,1,4,255,70,0,20,0,2,0,55,
51,dugtrio,51,7,333,35,80,50,50,70,120,5,,142,60,1,1,50,21,3,11,1,4,50,70,0,20,0,2,0,56,
52,meowth,52,4,42,40,45,35,40,40,90,1,,58,61,1,1,,22,10,8,8,4,255,70,0,20,0,2,0,57,58
53,persian,53,10,320,65,70,60,65,65,115,1,,154,62,1,1,52,22,10,8,8,4,90,70,0,20,0,2,0,58,59
54,psyduck,54,8,196,50,52,48,65,50,55,11,,64,63,1,1,,23,10,6,9,4,190,70,0,20,0,2,0,59,
55,golduck,55,17,766,80,82,78,95,80,85,11,,175,64,1,1,54,23,2,6,9,4,75,70,0,20,0,2,0,60,
56,mankey,56,5,280,40,80,35,35,45,70,2,,61,65,1,1,,24,3,6,4,4,190,70,0,20,0,2,0,61,
57,primeape,57,10,320,65,105,60,60,70,95,2,,159,66,1,1,56,24,3,6,4,4,75,70,0,20,0,2,0,62,
58,growlithe,58,7,190,55,70,45,70,50,60,10,,70,67,1,1,,25,3,8,3,2,190,70,0,20,0,1,0,63,
59,arcanine,59,19,1550,90,110,80,100,80,95,10,,194,68,1,1,58,25,3,8,3,2,75,70,0,20,0,1,0,64,
60,poliwag,60,6,124,40,50,40,40,40,90,11,,60,69,1,1,,26,2,7,9,4,255,70,0,20,0,4,0,65,
61,poliwhirl,61,10,200,65,65,65,50,50,90,11,,135,70,1,1,60,26,2,12,9,4,120,70,0,20,0,4,0,66,
62,poliwrath,62,13,540,90,95,95,70,90,70,11,2,225,71,1,1,61,26,2,12,9,4,45,70,0,20,0,4,0,67,
63,abra,63,9,195,25,20,15,105,55,90,14,,62,73,1,1,,27,3,6,8,2,200,70,0,20,0,4,0,69,127
64,kadabra,64,13,565,40,35,30,120,70,105,14,,140,74,1,1,63,27,3,6,8,2,100,70,0,20,1,4,0,70,128
65,alakazam,65,15,480,55,50,45,135,95,120,14,,221,75,1,1,64,27,3,12,8,2,50,70,0,20,1,4,1,71,129
66,machop,66,8,195,70,80,50,35,35,35,2,,61,77,1,1,,28,4,6,4,2,180,70,0,20,0,4,0,72,98
67,machoke,67,15,705,80,100,70,50,60,45,2,,142,78,1,1,66,28,4,12,4,2,90,70,0,20,0,4,0,73,99
68,machamp,68,16,1300,90,130,80,65,85,55,2,,227,79,1,1,67,28,4,12,4,2,45,70,0,20,0,4,0,74,100
69,bellsprout,69,7,40,50,75,35,70,30,40,12,4,60,80,1,1,,29,5,12,2,4,255,70,0,20,0,4,0,75,
70,weepinbell,70,10,64,65,90,50,85,45,55,12,4,137,81,1,1,69,29,5,5,2,4,120,70,0,20,0,4,0,76,
71,victreebel,71,17,155,80,105,65,100,70,70,12,4,216,82,1,1,70,29,5,5,2,4,45,70,0,20,0,4,0,77,
72,tentacool,72,9,455,40,40,35,50,100,70,11,4,67,83,1,1,,30,2,10,7,4,190,70,0,20,0,1,0,78,
73,tentacruel,73,16,550,80,70,65,80,120,100,11,4,180,84,1,1,72,30,2,10,7,4,60,70,0,20,0,1,0,79,
74,geodude,74,4,200,40,80,100,30,30,20,6,5,60,85,1,1,,31,3,4,4,4,255,70,0,15,0,4,0,80,
75,graveler,75,10,1050,55,95,115,45,45,35,6,5,137,86,1,1,74,31,3,12,4,4,120,70,0,15,0,4,0,81,
76,golem,76,14,3000,80,120,130,55,65,45,6,5,218,87,1,1,75,31,3,12,4,4,45,70,0,15,0,4,0,82,
77,ponyta,77,10,300,50,85,55,65,65,90,10,,82,88,1,1,,32,10,8,3,4,190,70,0,20,0,2,0,83,
78,rapidash,78,17,950,65,100,70,80,80,105,10,,175,89,1,1,77,32,10,8,3,4,60,70,0,20,0,2,0,84,
79,slowpoke,79,12,360,90,65,65,40,40,15,11,14,63,90,1,1,,33,6,8,9,4,190,70,0,20,0,2,0,85,
80,slowbro,80,16,785,95,75,110,100,80,30,11,14,172,91,1,1,79,33,6,6,9,4,75,70,0,20,0,2,0,86,
81,magnemite,81,3,60,25,35,70,95,55,45,13,9,65,93,1,1,,34,4,4,6,-1,190,70,0,20,0,2,0,88,
82,magneton,82,10,600,50,60,95,120,70,70,13,9,163,94,1,1,81,34,4,11,6,-1,60,70,0,20,0,2,0,89,
83,farfetchd,83,8,150,52,65,55,58,62,60,1,3,123,96,1,1,,35,3,9,3,4,45,70,0,20,0,2,0,91,
84,doduo,84,14,392,35,85,45,35,35,75,1,3,62,97,1,1,,36,3,7,3,4,190,70,0,20,1,2,0,92,
85,dodrio,85,18,852,60,110,70,60,60,100,1,3,161,98,1,1,84,36,3,7,3,4,45,70,0,20,1,2,0,93,
86,seel,86,11,900,65,45,55,45,70,45,11,,65,99,1,1,,37,9,3,7,4,190,70,0,20,0,2,0,94,
87,dewgong,87,17,1200,90,70,80,70,95,70,11,15,166,100,1,1,86,37,9,3,7,4,75,70,0,20,0,2,0,95,
88,grimer,88,9,300,80,80,50,40,50,25,4,,65,101,1,1,,38,7,4,8,4,190,70,0,20,0,2,0,96,
89,muk,89,12,300,105,105,75,65,100,50,4,,175,102,1,1,88,38,7,4,8,4,75,70,0,20,0,2,0,97,
90,shellder,90,3,40,30,65,100,45,25,40,11,,61,103,1,1,,39,7,1,7,4,190,70,0,20,0,1,0,98,
91,cloyster,91,15,1325,50,95,180,85,45,70,11,15,184,104,1,1,90,39,7,1,7,4,60,70,0,20,0,1,0,99,
92,gastly,92,13,1,30,35,30,100,35,80,8,4,62,105,1,1,,40,7,1,1,4,190,70,0,20,0,4,0,100,112
93,haunter,93,16,1,45,50,45,115,55,95,8,4,142,106,1,1,92,40,7,4,1,4,90,70,0,20,0,4,0,101,113
94,gengar,94,15,405,60,65,60,130,75,110,8,4,225,107,1,1,93,40,7,6,1,4,45,70,0,20,0,4,1,102,114
95,onix,95,88,2100,35,45,160,30,45,70,6,5,77,109,1,1,,41,4,2,1,4,45,70,0,25,0,2,0,103,175
96,drowzee,96,10,324,60,48,45,43,90,42,14,,66,111,1,1,,42,10,12,3,4,190,70,0,20,0,2,0,105,
97,hypno,97,16,756,85,73,70,73,115,67,14,,169,112,1,1,96,42,10,12,3,4,75,70,0,20,1,2,0,106,
98,krabby,98,4,65,30,105,90,25,25,50,11,,65,113,1,1,,43,8,14,9,4,225,70,0,20,0,2,0,107,
99,kingler,99,13,600,55,130,115,50,50,75,11,,166,114,1,1,98,43,8,14,9,4,60,70,0,20,0,2,0,108,
100,voltorb,100,5,104,40,30,50,55,55,100,13,,66,115,1,1,,44,8,1,8,-1,190,70,0,20,0,2,0,109,
101,electrode,101,12,666,60,50,70,80,80,140,13,,168,116,1,1,100,44,8,1,8,-1,60,70,0,20,0,2,0,110,
102,exeggcute,102,4,25,60,40,80,60,45,40,12,14,65,117,1,1,,45,6,11,2,4,90,70,0,20,0,1,0,111,
103,exeggutor,103,20,1200,95,95,85,125,65,55,12,14,182,118,1,1,102,45,10,7,2,4,45,70,0,20,0,1,0,112,
104,cubone,104,4,65,50,50,95,40,50,35,5,,64,119,1,1,,46,3,6,4,4,190,70,0,20,0,2,0,113,
105,marowak,105,10,450,60,80,110,50,80,45,5,,149,120,1,1,104,46,3,6,4,4,75,70,0,20,0,2,0,114,
106,hitmonlee,106,15,498,50,120,53,35,110,87,2,,159,122,1,1,236,47,3,12,8,0,45,70,0,25,0,2,0,116,
107,hitmonchan,107,14,502,50,105,79,35,110,76,2,,159,123,1,1,236,47,3,12,8,0,45,70,0,25,0,2,0,117,
108,lickitung,108,12,655,90,55,75,60,75,30,1,,77,125,1,1,,48,6,6,3,4,45,70,0,20,0,2,0,119,
109,koffing,109,6,10,40,65,95,60,45,35,4,,68,127,1,1,,49,7,1,8,4,190,70,0,20,0,2,0,121,
110,weezing,110,12,95,65,90,120,85,70,60,4,,172,128,1,1,109,49,7,11,8,4,60,70,0,20,0,2,0,122,
111,rhyhorn,111,10,1150,80,85,95,30,30,25,5,6,69,129,1,1,,50,4,8,6,4,120,70,0,20,1,1,0,123,160
112,rhydon,112,19,1200,105,130,120,45,45,40,5,6,170,130,1,1,111,50,4,6,6,4,60,70,0,20,1,1,0,124,161
113,chansey,113,11,346,250,5,5,35,105,50,1,,395,133,1,1,440,51,6,6,8,8,30,140,0,40,0,3,0,127,
114,tangela,114,10,350,65,55,115,100,40,60,12,,87,135,1,1,,52,2,7,3,4,45,70,0,20,0,2,0,129,
115,kangaskhan,115,22,800,105,95,80,40,80,90,1,,172,137,1,1,,53,3,6,3,8,45,70,0,20,0,2,1,131,
116,horsea,116,4,80,30,40,70,70,25,60,11,,59,139,1,1,,54,2,5,7,4,225,70,0,20,0,2,0,132,
117,seadra,117,12,250,55,65,95,95,45,85,11,,154,140,1,1,116,54,2,5,7,4,75,70,0,20,0,2,0,133,
118,goldeen,118,6,150,45,67,60,35,50,63,11,,64,142,1,1,,55,8,3,9,4,225,70,0,20,1,2,0,135,
119,seaking,119,13,390,80,92,65,65,80,68,11,,158,143,1,1,118,55,8,3,9,4,60,70,0,20,1,2,0,136,
120,staryu,120,8,345,30,45,55,70,55,85,11,,68,144,1,1,,56,3,5,7,-1,225,70,0,20,0,1,0,137,
121,starmie,121,11,800,60,75,85,100,85,115,11,14,182,145,1,1,120,56,7,5,7,-1,60,70,0,20,0,1,0,138,
122,mr-mime,122,13,545,40,45,65,100,120,90,14,18,161,147,1,1,439,57,6,12,8,4,45,70,0,25,0,2,0,140,
123,scyther,123,15,560,70,110,80,55,80,105,7,3,100,148,1,1,,58,5,13,3,4,45,70,0,25,1,2,0,141,188
124,jynx,124,14,406,65,50,35,115,95,95,15,14,159,152,1,1,238,59,8,12,8,8,45,70,0,25,0,2,0,144,
125,electabuzz,125,11,300,65,83,57,95,85,105,13,,172,154,1,1,239,60,10,6,3,2,45,70,0,25,0,2,0,146,
126,magmar,126,13,445,65,95,57,100,85,93,10,,173,157,1,1,240,61,8,6,4,2,45,70,0,25,0,2,0,149,
127,pinsir,127,15,550,65,125,100,55,70,85,7,,175,159,1,1,,62,3,12,2,4,45,70,0,25,0,1,1,151,
128,tauros,128,14,884,75,100,95,40,70,110,1,,172,161,1,1,,63,3,8,3,0,45,70,0,20,0,1,0,152,
129,magikarp,129,9,100,20,10,55,15,20,80,11,,40,162,1,1,,64,8,3,9,4,255,70,0,5,1,1,0,153,13
130,gyarados,130,65,2350,95,125,79,60,100,81,11,3,189,163,1,1,129,64,2,2,9,4,45,70,0,5,1,1,1,154,14
131,lapras,131,25,2200,130,85,80,85,95,60,11,15,187,165,1,1,,65,2,3,7,4,45,70,0,40,0,1,0,155,190
132,ditto,132,3,40,48,48,48,48,48,48,1,,101,166,1,1,,66,7,1,8,-1,35,70,0,20,0,2,0,156,
133,eevee,133,3,65,55,55,50,45,65,55,1,,65,167,1,1,,67,3,8,8,1,45,70,0,35,0,2,0,157,1
134,vaporeon,134,10,290,130,65,60,110,95,65,11,,184,168,1,1,133,67,2,8,8,1,45,70,0,35,0,2,0,158,2
135,jolteon,135,8,245,65,65,60,110,95,130,13,,184,169,1,1,133,67,10,8,8,1,45,70,0,35,0,2,0,159,3
136,flareon,136,9,250,65,130,60,95,110,65,10,,184,170,1,1,133,67,8,8,8,1,45,70,0,35,0,2,0,160,4
137,porygon,137,8,365,65,60,70,85,75,40,1,,79,176,1,1,,68,6,7,8,-1,45,70,0,20,0,2,0,166,
138,omanyte,138,4,75,35,40,100,90,55,35,6,11,71,179,1,1,,69,2,10,7,1,45,70,0,30,0,2,0,169,
139,omastar,139,10,350,70,60,125,115,70,55,6,11,173,180,1,1,138,69,2,10,7,1,45,70,0,30,0,2,0,170,
140,kabuto,140,5,115,30,80,90,55,45,55,6,11,71,181,1,1,,70,3,14,7,1,45,70,0,30,0,2,0,171,
141,kabutops,141,13,405,60,115,105,65,70,80,6,11,173,182,1,1,140,70,3,6,7,1,45,70,0,30,0,2,0,172,
142,aerodactyl,142,18,590,80,105,65,60,75,130,6,3,180,183,1,1,,71,7,9,4,1,45,70,0,35,0,1,1,173,
143,snorlax,143,21,4600,160,110,65,65,110,30,1,,189,186,1,1,446,72,1,12,4,1,25,70,0,40,0,1,0,175,179
144,articuno,144,17,554,90,85,100,95,125,85,15,3,261,187,1,1,,73,2,9,5,-1,3,35,0,80,0,1,0,176,192
145,zapdos,145,16,526,90,90,85,125,90,100,13,3,261,188,1,1,,74,10,9,5,-1,3,35,0,80,0,1,0,177,
146,moltres,146,20,600,90,100,90,125,85,90,10,3,261,189,1,1,,75,10,9,5,-1,3,35,0,80,0,1,0,178,
147,dratini,147,18,33,41,64,45,50,50,50,16,,60,190,1,1,,76,2,2,9,4,45,35,0,40,0,1,0,179,76
148,dragonair,148,40,165,61,84,65,70,70,70,16,,147,191,1,1,147,76,2,2,9,4,45,35,0,40,0,1,0,180,77
149,dragonite,149,22,2100,91,134,95,100,100,80,16,3,270,192,1,1,148,76,3,6,9,4,45,35,0,40,0,1,0,181,78
150,mewtwo,150,20,1220,106,110,90,154,90,130,14,,306,193,1,1,,77,7,6,5,-1,3,0,0,120,0,1,1,182,196
151,mew,151,4,40,100,100,100,100,100,100,14,,270,196,1,1,,78,6,6,5,-1,45,100,0,120,0,4,0,183,
152,chikorita,152,9,64,45,49,65,49,65,45,12,,64,197,1,2,,79,5,8,3,1,45,70,0,20,0,4,0,184,
153,bayleef,153,12,158,60,62,80,63,80,60,12,,142,198,1,2,152,79,5,8,3,1,45,70,0,20,0,4,0,185,
154,meganium,154,18,1005,80,82,100,83,100,80,12,,236,199,1,2,153,79,5,8,3,1,45,70,0,20,1,4,0,186,
155,cyndaquil,155,5,79,39,52,43,60,50,65,10,,62,200,1,2,,80,10,12,3,1,45,70,0,20,0,4,0,187,
156,quilava,156,9,190,58,64,58,80,65,80,10,,142,201,1,2,155,80,10,8,3,1,45,70,0,20,0,4,0,188,
157,typhlosion,157,17,795,78,84,78,109,85,100,10,,240,202,1,2,156,80,10,8,3,1,45,70,0,20,0,4,0,189,
158,totodile,158,6,95,50,65,64,44,48,43,11,,63,203,1,2,,81,2,6,9,1,45,70,0,20,0,4,0,190,
159,croconaw,159,11,250,65,80,80,59,63,58,11,,142,204,1,2,158,81,2,6,9,1,45,70,0,20,0,4,0,191,
160,feraligatr,160,23,888,85,105,100,79,83,78,11,,239,205,1,2,159,81,2,6,9,1,45,70,0,20,0,4,0,192,
161,sentret,161,8,60,35,46,34,35,45,20,1,,43,206,1,2,,82,3,8,3,4,255,70,0,15,0,2,0,193,
162,furret,162,18,325,85,76,64,45,55,90,1,,145,207,1,2,161,82,3,8,3,4,90,70,0,15,0,2,0,194,
163,hoothoot,163,7,212,60,30,30,36,56,50,1,3,52,208,1,2,,83,3,9,2,4,255,70,0,15,0,2,0,195,
164,noctowl,164,16,408,100,50,50,76,96,70,1,3,155,209,1,2,163,83,3,9,2,4,90,70,0,15,0,2,0,196,
165,ledyba,165,10,108,40,20,30,40,80,55,7,3,53,210,1,2,,84,8,9,2,4,255,70,0,15,1,3,0,197,
166,ledian,166,14,356,55,35,50,55,110,85,7,3,137,211,1,2,165,84,8,9,2,4,90,70,0,15,1,3,0,198,
167,spinarak,167,5,85,40,60,40,40,40,30,7,4,50,212,1,2,,85,5,14,2,4,255,70,0,15,0,3,0,199,
168,ariados,168,11,335,70,90,70,60,60,40,7,4,137,213,1,2,167,85,8,14,2,4,90,70,0,15,0,3,0,200,
169,crobat,169,18,750,85,90,80,70,80,130,4,3,241,50,1,2,42,17,7,13,1,4,90,70,0,15,0,2,0,46,25
170,chinchou,170,5,120,75,38,38,56,56,67,11,13,66,214,1,2,,86,2,3,7,4,190,70,0,20,0,1,0,201,
171,lanturn,171,12,225,125,58,58,76,76,67,11,13,161,215,1,2,170,86,2,3,7,4,75,70,0,20,0,1,0,202,
172,pichu,172,3,20,20,40,15,35,35,60,13,,41,29,1,2,,10,10,8,2,4,190,70,1,10,0,2,0,25,15
173,cleffa,173,3,30,50,25,28,45,55,15,18,,44,40,1,2,,14,6,6,4,6,150,140,1,10,0,3,0,36,
174,igglybuff,174,3,10,90,30,15,40,20,15,1,18,42,45,1,2,,16,6,12,3,6,170,70,1,10,0,3,0,41,20
175,togepi,175,3,15,35,20,65,40,65,20,18,,49,216,1,2,,87,9,12,2,1,190,70,1,10,0,3,0,203,
176,togetic,176,6,32,55,40,85,80,105,40,18,3,142,217,1,2,175,87,9,12,2,1,75,70,0,10,0,3,0,204,
177,natu,177,2,20,40,50,45,70,45,70,14,3,64,219,1,2,,88,5,9,2,4,190,70,0,20,0,2,0,206,
178,xatu,178,15,150,65,75,70,95,70,95,14,3,165,220,1,2,177,88,5,9,2,4,75,70,0,20,1,2,0,207,
179,mareep,179,6,78,55,40,40,65,45,35,13,,56,221,1,2,,89,9,8,3,4,235,70,0,20,0,4,0,208,45
180,flaaffy,180,8,133,70,55,55,80,60,45,13,,128,222,1,2,179,89,6,6,3,4,120,70,0,20,0,4,0,209,46
181,ampharos,181,14,615,90,75,85,115,90,55,13,,225,223,1,2,180,89,10,6,3,4,45,70,0,20,0,4,1,210,47
182,bellossom,182,4,58,75,80,95,90,100,50,12,,216,54,1,2,44,18,5,12,3,4,45,70,0,20,0,4,0,50,
183,marill,183,4,85,70,20,50,20,50,40,11,18,88,226,1,2,298,90,2,6,9,4,190,70,0,10,0,3,0,212,
184,azumarill,184,8,285,100,50,80,60,80,50,11,18,185,227,1,2,183,90,2,6,9,4,75,70,0,10,0,3,0,213,
185,sudowoodo,185,12,380,70,100,115,30,65,30,6,,144,229,1,2,438,91,3,12,2,4,65,70,0,20,1,2,0,215,
186,politoed,186,11,339,90,75,75,90,100,70,11,,225,72,1,2,61,26,5,12,9,4,45,70,0,20,1,4,0,68,
187,hoppip,187,4,5,35,35,40,35,55,50,12,3,50,230,1,2,,92,6,6,3,4,255,70,0,20,0,4,0,216,
188,skiploom,188,6,10,55,45,50,45,65,80,12,3,119,231,1,2,187,92,5,6,3,4,120,70,0,20,0,4,0,217,
189,jumpluff,189,8,30,75,55,70,55,95,110,12,3,203,232,1,2,188,92,2,6,3,4,45,70,0,20,0,4,0,218,
190,aipom,190,8,115,55,70,55,40,55,85,1,,72,233,1,2,,93,7,6,2,4,45,70,0,20,1,3,0,219,
191,sunkern,191,3,18,30,30,30,30,30,30,12,,36,235,1,2,,94,10,1,3,4,235,70,0,20,0,4,0,221,
192,sunflora,192,8,85,75,75,55,105,85,30,12,,149,236,1,2,191,94,10,12,3,4,120,70,0,20,0,4,0,222,
193,yanma,193,12,380,65,65,45,75,45,95,7,3,78,237,1,2,,95,8,13,2,4,75,70,0,20,0,2,0,223,
194,wooper,194,4,85,55,45,45,25,25,15,11,5,42,239,1,2,,96,2,7,9,4,255,70,0,20,1,2,0,225,18
195,quagsire,195,14,750,95,85,85,65,65,35,11,5,151,240,1,2,194,96,2,6,9,4,90,70,0,20,1,2,0,226,19
196,espeon,196,9,265,65,65,60,130,95,110,14,,184,171,1,2,133,67,7,8,8,1,45,70,0,35,0,2,0,161,5
197,umbreon,197,10,270,95,65,110,60,130,65,17,,184,172,1,2,133,67,1,8,8,1,45,35,0,35,0,2,0,162,6
198,murkrow,198,5,21,60,85,42,85,42,91,17,3,81,241,1,2,,97,1,9,2,4,30,35,0,20,1,4,0,227,
199,slowking,199,20,795,95,75,80,100,110,30,11,14,172,92,1,2,79,33,6,6,9,4,70,70,0,20,0,2,0,87,
200,misdreavus,200,7,10,60,60,60,85,85,85,8,,87,243,1,2,,98,4,1,1,4,45,35,0,25,0,3,0,229,183
201,unown,201,5,50,48,72,48,72,48,48,14,,118,245,1,2,,99,1,1,5,-1,225,70,0,40,0,2,0,231,
202,wobbuffet,202,13,285,190,33,58,33,58,33,14,,142,247,1,2,360,100,2,5,1,4,45,70,0,20,1,2,0,233,
203,girafarig,203,15,415,70,80,65,90,65,85,1,14,159,248,1,2,,101,10,8,3,4,60,70,0,20,1,2,0,234,
204,pineco,204,6,72,50,65,90,35,35,15,7,,58,249,1,2,,102,4,1,2,4,190,70,0,20,0,2,0,235,56
205,forretress,205,12,1258,75,90,140,60,60,40,7,9,163,250,1,2,204,102,7,1,2,4,75,70,0,20,0,2,0,236,57
206,dunsparce,206,15,140,100,70,70,65,65,45,1,,145,251,1,2,,103,10,2,1,4,190,70,0,20,0,2,0,237,
207,gligar,207,11,648,65,75,105,35,65,85,5,3,86,252,1,2,,104,7,9,4,4,60,70,0,20,1,4,0,238,
208,steelix,208,92,4000,75,85,200,55,65,30,9,5,179,110,1,2,95,41,4,2,1,4,25,70,0,25,1,2,0,104,176
209,snubbull,209,6,78,60,80,50,40,40,30,18,,60,254,1,2,,105,6,12,8,6,190,70,0,20,0,3,0,240,
210,granbull,210,14,487,90,120,75,60,60,45,18,,158,255,1,2,209,105,7,6,8,6,75,70,0,20,0,3,0,241,
211,qwilfish,211,5,39,65,95,75,55,55,85,11,4,86,256,1,2,,106,4,3,7,4,45,70,0,20,0,2,0,242,
212,scizor,212,18,1180,70,130,100,55,80,65,7,9,175,149,1,2,123,58,8,13,3,4,25,70,0,25,1,2,1,142,189
213,shuckle,213,6,205,20,10,230,10,230,5,7,6,177,257,1,2,,107,10,14,4,4,190,70,0,20,0,4,0,243,
214,heracross,214,15,540,80,125,75,40,95,85,7,2,175,258,1,2,,108,2,12,2,4,45,70,0,25,1,1,1,244,
215,sneasel,215,9,280,55,95,55,35,75,115,17,15,86,260,1,2,,109,1,6,2,4,60,35,0,20,1,4,0,245,181
216,teddiursa,216,6,88,60,80,50,50,50,40,1,,66,262,1,2,,110,3,6,4,4,120,70,0,20,0,2,0,247,
217,ursaring,217,18,1258,90,130,75,75,75,55,1,,175,263,1,2,216,110,3,6,4,4,60,70,0,20,1,2,0,248,
218,slugma,218,7,350,40,40,40,70,40,20,10,,50,264,1,2,,111,8,2,4,4,190,70,0,20,0,2,0,249,
219,magcargo,219,8,550,50,50,120,80,80,30,10,6,144,265,1,2,218,111,8,2,4,4,75,70,0,20,0,2,0,250,
220,swinub,220,4,65,50,50,40,30,30,50,15,5,50,266,1,2,,112,3,8,1,4,225,70,0,20,0,1,0,251,
221,piloswine,221,11,558,100,100,80,60,60,50,15,5,158,267,1,2,220,112,3,8,1,4,75,70,0,20,1,1,0,252,
222,corsola,222,6,50,55,55,85,65,85,35,11,6,133,269,1,2,,113,6,14,7,6,60,70,0,20,0,3,0,254,
223,remoraid,223,6,120,35,65,35,65,35,65,11,,60,270,1,2,,114,4,3,7,4,190,70,0,20,0,2,0,255,
224,octillery,224,9,285,75,105,75,105,75,45,11,,168,271,1,2,223,114,8,10,7,4,75,70,0,20,1,2,0,256,
225,delibird,225,9,160,45,55,45,65,45,75,15,3,116,272,1,2,,115,8,9,4,4,45,70,0,20,0,3,0,257,
226,mantine,226,21,2200,65,40,70,80,140,70,11,3,163,274,1,2,458,116,7,9,7,4,25,70,0,25,0,1,0,259,
227,skarmory,227,17,505,65,80,140,40,70,70,9,3,163,275,1,2,,117,4,9,6,4,25,70,0,25,0,1,0,260,
228,houndour,228,6,108,45,60,30,80,50,65,17,10,66,276,1,2,,118,1,8,6,4,120,35,0,20,0,1,0,261,
229,houndoom,229,14,350,75,90,50,110,80,95,17,10,175,277,1,2,228,118,1,8,6,4,45,35,0,20,1,1,1,262,
230,kingdra,230,18,1520,75,95,95,95,95,85,11,16,243,141,1,2,117,54,2,5,7,4,45,70,0,20,0,2,0,134,
231,phanpy,231,5,335,90,60,60,40,40,40,5,,66,279,1,2,,119,2,8,6,4,120,70,0,20,0,2,0,263,
232,donphan,232,11,1200,90,120,120,60,60,50,5,,175,280,1,2,231,119,4,8,6,4,60,70,0,20,1,2,0,264,
233,porygon2,233,6,325,85,80,90,105,95,60,1,,180,177,1,2,137,68,8,7,8,-1,45,70,0,20,0,2,0,167,
234,stantler,234,14,712,73,95,62,85,65,85,1,,163,281,1,2,,120,3,8,2,4,45,70,0,20,0,1,0,265,
235,smeargle,235,12,580,55,20,35,20,45,75,1,,88,282,1,2,,121,9,6,8,4,45,70,0,20,0,3,0,266,
236,tyrogue,236,7,210,35,35,35,35,35,35,2,,42,121,1,2,,47,7,12,8,0,75,70,1,25,0,2,0,115,
237,hitmontop,237,14,480,50,95,95,35,110,70,2,,159,124,1,2,236,47,3,6,8,0,45,70,0,25,0,2,0,118,
238,smoochum,238,4,60,45,30,15,85,65,65,15,14,61,151,1,2,,59,6,12,8,8,45,70,1,25,0,2,0,143,
239,elekid,239,6,235,45,63,37,65,55,95,13,,72,153,1,2,,60,10,12,3,2,45,70,1,25,0,2,0,145,
240,magby,240,7,214,45,75,37,70,55,83,10,,73,156,1,2,,61,8,6,4,2,45,70,1,25,0,2,0,148,
241,miltank,241,12,755,95,80,105,40,70,100,1,,172,283,1,2,,122,6,6,3,8,45,70,0,20,0,1,0,267,
242,blissey,242,15,468,255,10,10,75,135,55,1,,608,134,1,2,113,51,6,12,8,8,30,140,0,40,0,3,0,128,
243,raikou,243,19,1780,90,85,75,115,100,115,13,,261,284,1,2,,123,10,8,3,-1,3,35,0,80,0,1,0,268,
244,entei,244,21,1980,115,115,85,90,75,100,10,,261,285,1,2,,124,3,8,3,-1,3,35,0,80,0,1,0,269,
245,suicune,245,20,1870,100,75,115,90,115,85,11,,261,286,1,2,,125,2,8,3,-1,3,35,0,80,0,1,0,270,
246,larvitar,246,6,720,50,64,50,45,50,41,6,5,60,287,1,2,,126,5,6,4,4,45,35,0,40,0,1,0,271,79
247,pupitar,247,12,1520,70,84,70,65,70,51,6,5,144,288,1,2,246,126,4,2,4,4,45,35,0,40,0,1,0,272,80
248,tyranitar,248,20,2020,100,134,110,95,100,61,6,17,270,289,1,2,247,126,5,6,4,4,45,35,0,40,0,1,1,273,81
249,lugia,249,52,2160,106,90,130,90,154,110,14,3,306,291,1,2,,127,9,9,5,-1,3,0,0,120,0,1,0,274,
250,ho-oh,250,38,1990,106,130,90,110,154,90,10,3,306,292,1,2,,128,8,9,5,-1,3,0,0,120,0,1,0,275,
251,celebi,251,6,50,100,100,100,100,100,100,14,12,270,293,1,2,,129,5,12,2,-1,45,100,0,120,0,4,0,276,
252,treecko,252,5,50,40,45,35,65,55,70,12,,62,294,1,3,,130,5,6,2,1,45,70,0,20,0,4,0,277,130
253,grovyle,253,9,216,50,65,45,85,65,95,12,,142,295,1,3,252,130,5,6,2,1,45,70,0,20,0,4,0,278,131
254,sceptile,254,17,522,70,85,65,105,85,120,12,,239,296,1,3,253,130,5,6,2,1,45,70,0,20,0,4,0,279,132
255,torchic,255,4,25,45,60,40,70,50,45,10,,62,297,1,3,,131,8,7,3,1,45,70,0,20,1,4,0,280,
256,combusken,256,9,195,60,85,60,85,60,55,10,2,142,298,1,3,255,131,8,6,3,1,45,70,0,20,1,4,0,281,
257,blaziken,257,19,520,80,120,70,110,70,80,10,2,239,299,1,3,256,131,8,6,3,1,45,70,0,20,1,4,1,282,
258,mudkip,258,4,76,50,70,50,50,50,40,11,,62,301,1,3,,132,2,8,9,1,45,70,0,20,0,4,0,283,
259,marshtomp,259,7,280,70,85,70,60,70,50,11,5,142,302,1,3,258,132,2,6,9,1,45,70,0,20,0,4,0,284,
260,swampert,260,15,819,100,110,90,85,90,60,11,5,241,303,1,3,259,132,2,6,9,1,45,70,0,20,0,4,0,285,
261,poochyena,261,5,136,35,55,35,30,30,35,17,,44,304,1,3,,133,4,8,3,4,255,70,0,15,0,2,0,286,
262,mightyena,262,10,370,70,90,70,60,60,70,17,,147,305,1,3,261,133,4,8,3,4,127,70,0,15,0,2,0,287,
263,zigzagoon,263,4,175,38,30,41,30,41,60,1,,48,306,1,3,,134,3,8,3,4,255,70,0,15,0,2,0,288,
264,linoone,264,5,325,78,70,61,50,61,100,1,,147,307,1,3,263,134,9,8,3,4,90,70,0,15,0,2,0,289,
265,wurmple,265,3,36,45,45,35,20,30,20,7,,39,308,1,3,,135,8,2,2,4,255,70,0,15,0,2,0,290,
266,silcoon,266,6,100,50,35,55,25,25,15,7,,72,309,1,3,265,135,9,1,2,4,120,70,0,15,0,2,0,291,
267,beautifly,267,10,284,60,70,50,100,50,65,7,3,173,310,1,3,266,135,10,13,2,4,45,70,0,15,1,2,0,292,
268,cascoon,268,7,115,50,35,55,25,25,15,7,,41,311,1,3,265,135,7,1,2,4,120,70,0,15,0,2,0,293,
269,dustox,269,12,316,60,50,70,50,90,65,7,4,135,312,1,3,268,135,5,13,2,4,45,70,0,15,1,2,0,294,
270,lotad,270,5,26,40,30,30,40,50,30,11,12,44,313,1,3,,136,5,14,9,4,255,70,0,15,0,4,0,295,
271,lombre,271,12,325,60,50,50,60,70,50,11,12,119,314,1,3,270,136,5,12,9,4,120,70,0,15,0,4,0,296,
272,ludicolo,272,15,550,80,70,70,90,100,70,11,12,216,315,1,3,271,136,5,12,9,4,45,70,0,15,1,4,0,297,
273,seedot,273,5,40,40,40,50,30,30,30,12,,44,316,1,3,,137,3,7,2,4,255,70,0,15,0,4,0,298,
274,nuzleaf,274,10,280,70,70,40,60,40,60,12,17,119,317,1,3,273,137,3,12,2,4,120,70,0,15,1,4,0,299,
275,shiftry,275,13,596,90,100,60,90,60,80,12,17,216,318,1,3,274,137,3,12,2,4,45,70,0,15,1,4,0,300,
276,taillow,276,3,23,40,55,30,30,30,85,1,3,54,319,1,3,,138,2,9,3,4,200,70,0,15,0,4,0,301,
277,swellow,277,7,198,60,85,60,50,50,125,1,3,151,320,1,3,276,138,2,9,3,4,45,70,0,15,0,4,0,302,
278,wingull,278,6,95,40,30,30,55,30,85,11,3,54,321,1,3,,139,9,9,7,4,190,70,0,20,0,2,0,303,
279,pelipper,279,12,280,60,50,100,85,70,65,11,3,151,322,1,3,278,139,10,9,7,4,45,70,0,20,0,2,0,304,
280,ralts,280,4,66,28,25,25,45,35,40,14,18,40,323,1,3,,140,9,12,8,4,235,35,0,20,0,1,0,305,9
281,kirlia,281,8,202,38,35,35,65,55,50,14,18,97,324,1,3,280,140,9,12,8,4,120,35,0,20,0,1,0,306,10
282,gardevoir,282,16,484,68,65,65,125,115,80,14,18,233,325,1,3,281,140,9,12,8,4,45,35,0,20,0,1,1,307,11
283,surskit,283,5,17,40,30,32,50,52,65,7,11,54,328,1,3,,141,2,14,9,4,200,70,0,15,0,2,0,309,
284,masquerain,284,8,36,70,60,62,80,82,60,7,3,145,329,1,3,283,141,2,13,9,4,75,70,0,15,0,2,0,310,
285,shroomish,285,4,45,60,40,60,40,60,35,12,,59,330,1,3,,142,3,7,2,4,255,70,0,15,0,6,0,311,
286,breloom,286,12,392,60,130,80,60,60,70,12,2,161,331,1,3,285,142,5,6,2,4,90,70,0,15,0,6,0,312,
287,slakoth,287,8,240,60,60,60,35,35,30,1,,56,332,1,3,,143,3,8,2,4,255,70,0,15,0,1,0,313,
288,vigoroth,288,14,465,80,80,80,55,55,90,1,,154,333,1,3,287,143,9,6,2,4,120,70,0,15,0,1,0,314,
289,slaking,289,20,1305,150,160,100,95,65,100,1,,252,334,1,3,288,143,3,12,2,4,45,70,0,15,0,1,0,315,
290,nincada,290,5,55,31,45,90,30,30,40,7,5,53,335,1,3,,144,4,14,2,4,255,70,0,15,0,5,0,316,
291,ninjask,291,8,120,61,90,45,50,50,160,7,3,160,336,1,3,290,144,10,13,2,4,120,70,0,15,0,5,0,317,
292,shedinja,292,8,12,1,90,45,30,30,40,7,8,83,337,1,3,290,144,3,5,2,-1,45,70,0,15,0,5,0,318,
293,whismur,293,6,163,64,51,23,51,23,28,1,,48,338,1,3,,145,6,6,1,4,190,70,0,20,0,4,0,319,
294,loudred,294,10,405,84,71,43,71,43,48,1,,126,339,1,3,293,145,2,6,1,4,120,70,0,20,0,4,0,320,
295,exploud,295,15,840,104,91,63,91,73,68,1,,216,340,1,3,294,145,2,6,1,4,45,70,0,20,0,4,0,321,
296,makuhita,296,10,864,72,60,30,20,30,25,2,,47,341,1,3,,146,10,12,4,2,180,70,0,20,0,6,0,322,
297,hariyama,297,23,2538,144,120,60,40,60,50,2,,166,342,1,3,296,146,3,12,4,2,200,70,0,20,0,6,0,323,
298,azurill,298,2,20,50,20,40,20,40,20,1,18,38,225,1,3,,90,2,7,9,6,150,70,1,10,0,3,0,211,
299,nosepass,299,10,970,30,45,135,45,90,30,6,,75,343,1,3,,147,4,12,1,4,255,70,0,20,0,2,0,324,
300,skitty,300,6,110,50,45,45,35,35,50,1,,52,345,1,3,,148,6,8,2,6,255,70,0,15,0,3,0,326,
301,delcatty,301,11,326,70,65,65,55,55,70,1,,133,346,1,3,300,148,7,8,2,6,60,70,0,15,0,3,0,327,
302,sableye,302,5,110,50,75,75,65,65,50,17,8,133,347,1,3,,149,7,12,1,4,45,35,0,25,0,4,0,328,
303,mawile,303,6,115,50,85,85,55,55,50,9,18,133,348,1,3,,150,1,12,1,4,45,70,0,20,0,3,1,329,
304,aron,304,4,600,50,70,100,40,40,30,9,6,66,350,1,3,,151,4,8,4,4,180,35,0,35,0,1,0,330,149
305,lairon,305,9,1200,60,90,140,50,50,40,9,6,151,351,1,3,304,151,4,8,4,4,90,35,0,35,0,1,0,331,150
306,aggron,306,21,3600,70,110,180,60,60,50,9,6,239,352,1,3,305,151,4,6,4,4,45,35,0,35,0,1,1,332,151
307,meditite,307,6,112,30,40,55,40,55,60,2,14,56,354,1,3,,152,2,12,4,4,180,70,0,20,1,2,0,333,
308,medicham,308,13,315,60,60,75,60,75,80,2,14,144,355,1,3,307,152,8,12,4,4,90,70,0,20,1,2,1,334,
309,electrike,309,6,152,40,45,40,65,40,65,13,,59,357,1,3,,153,5,8,3,4,120,70,0,20,0,1,0,335,
310,manectric,310,15,402,70,75,60,105,60,105,13,,166,358,1,3,309,153,10,8,3,4,45,70,0,20,0,1,1,336,
311,plusle,311,4,42,60,50,40,85,75,95,13,,142,360,1,3,,154,10,6,3,4,200,70,0,20,0,2,0,337,
312,minun,312,4,42,60,40,50,75,85,95,13,,142,361,1,3,,155,10,6,3,4,200,70,0,20,0,2,0,338,
313,volbeat,313,7,177,65,73,55,47,75,85,7,,140,362,1,3,,156,4,6,2,0,150,70,0,15,0,5,0,339,
314,illumise,314,6,177,65,47,55,73,75,85,7,,140,363,1,3,,157,7,12,2,8,150,70,0,15,0,6,0,340,
315,roselia,315,3,20,50,60,45,100,80,65,12,4,140,365,1,3,406,158,5,12,3,4,150,70,0,20,1,4,0,342,
316,gulpin,316,4,103,70,43,53,43,53,40,4,,60,367,1,3,,159,5,4,3,4,225,70,0,20,1,6,0,344,
317,swalot,317,17,800,100,73,83,73,83,55,4,,163,368,1,3,316,159,7,4,3,4,75,70,0,20,1,6,0,345,
318,carvanha,318,8,208,45,90,20,65,20,65,11,17,61,369,1,3,,160,8,3,7,4,225,35,0,20,0,1,0,346,
319,sharpedo,319,18,888,70,120,40,95,40,95,11,17,161,370,1,3,318,160,2,3,7,4,60,35,0,20,0,1,0,347,
320,wailmer,320,20,1300,130,70,35,70,35,60,11,,80,371,1,3,,161,2,3,7,4,125,70,0,40,0,6,0,348,
321,wailord,321,145,3980,170,90,45,90,45,60,11,,175,372,1,3,320,161,2,3,7,4,60,70,0,40,0,6,0,349,
322,numel,322,7,240,60,60,40,65,45,35,10,5,61,373,1,3,,162,10,8,4,4,255,70,0,20,1,2,0,350,
323,camerupt,323,19,2200,70,100,70,105,75,40,10,5,161,374,1,3,322,162,8,8,4,4,150,70,0,20,1,2,0,351,
324,torkoal,324,5,804,70,85,140,85,70,20,10,,165,375,1,3,,163,3,8,4,4,90,70,0,20,0,2,0,352,
325,spoink,325,7,306,60,25,35,70,80,60,14,,66,376,1,3,,164,1,4,4,4,255,70,0,20,0,3,0,353,
326,grumpig,326,9,715,80,45,65,90,110,80,14,,165,377,1,3,325,164,7,6,4,4,60,70,0,20,0,3,0,354,
327,spinda,327,11,50,60,60,60,60,60,60,1,,126,378,1,3,,165,3,6,4,4,255,70,0,15,0,3,0,355,
328,trapinch,328,7,150,45,100,45,45,45,10,5,,58,379,1,3,,166,3,14,6,4,255,70,0,20,0,4,0,356,
329,vibrava,329,11,153,50,70,50,50,50,70,5,16,119,380,1,3,328,166,5,13,6,4,120,70,0,20,0,4,0,357,
330,flygon,330,20,820,80,100,80,80,80,100,5,16,234,381,1,3,329,166,5,9,6,4,45,70,0,20,0,4,0,358,
331,cacnea,331,4,513,50,85,40,85,40,35,12,,67,382,1,3,,167,5,12,6,4,190,35,0,20,0,4,0,359,
332,cacturne,332,13,774,70,115,60,115,60,55,12,17,166,383,1,3,331,167,5,12,6,4,60,35,0,20,1,4,0,360,
333,swablu,333,4,12,45,40,60,40,75,50,1,3,62,384,1,3,,168,2,9,2,4,255,70,0,20,0,5,0,361,
334,altaria,334,11,206,75,70,90,70,105,80,16,3,172,385,1,3,333,168,2,9,2,4,45,70,0,20,0,5,0,362,
335,zangoose,335,13,403,73,115,60,60,60,90,1,,160,386,1,3,,169,9,6,3,4,90,70,0,20,0,5,0,363,
336,seviper,336,27,525,73,100,60,100,60,65,4,,160,387,1,3,,170,1,2,3,4,90,70,0,20,0,6,0,364,
337,lunatone,337,10,1680,70,55,65,95,85,70,6,14,154,388,1,3,,171,10,1,1,-1,45,70,0,25,0,3,0,365,
338,solrock,338,12,1540,70,95,85,55,65,70,6,14,154,389,1,3,,172,8,1,1,-1,45,70,0,25,0,3,0,366,
339,barboach,339,4,19,50,48,43,46,41,60,11,5,58,390,1,3,,173,4,3,9,4,190,70,0,20,0,2,0,367,
340,whiscash,340,9,236,110,78,73,76,71,60,11,5,164,391,1,3,339,173,2,3,9,4,75,70,0,20,0,2,0,368,
341,corphish,341,6,115,43,80,65,50,35,35,11,,62,392,1,3,,174,8,14,9,4,205,70,0,15,0,6,0,369,
342,crawdaunt,342,11,328,63,120,85,90,55,55,11,17,164,393,1,3,341,174,8,14,9,4,155,70,0,15,0,6,0,370,
343,baltoy,343,5,215,40,40,55,40,70,55,5,14,60,394,1,3,,175,3,4,6,-1,255,70,0,20,0,2,0,371,
344,claydol,344,15,1080,60,70,105,70,120,75,5,14,175,395,1,3,343,175,1,4,6,-1,90,70,0,20,0,2,0,372,
345,lileep,345,10,238,66,41,77,61,87,23,6,12,71,396,1,3,,176,7,5,7,1,45,70,0,30,0,5,0,373,
346,cradily,346,15,604,86,81,97,81,107,43,6,12,173,397,1,3,345,176,5,5,7,1,45,70,0,30,0,5,0,374,
347,anorith,347,7,125,45,95,50,40,50,75,6,7,71,398,1,3,,177,4,14,9,1,45,70,0,30,0,5,0,375,171
348,armaldo,348,15,682,75,125,100,70,80,45,6,7,173,399,1,3,347,177,4,6,9,1,45,70,0,30,0,5,0,376,172
349,feebas,349,6,74,20,15,20,10,55,80,11,,40,400,1,3,,178,3,3,9,4,255,70,0,20,0,5,0,377,
350,milotic,350,62,1620,95,60,79,100,125,81,11,,189,401,1,3,349,178,6,2,9,4,60,70,0,20,1,5,0,378,
351,castform,351,3,8,70,70,70,70,70,70,1,,147,402,1,3,,179,9,1,3,4,45,70,0,25,0,2,1,379,
352,kecleon,352,10,220,60,90,70,60,120,40,1,,154,406,1,3,,180,5,6,2,4,200,70,0,20,0,4,0,380,
353,shuppet,353,6,23,44,75,35,63,33,45,8,,59,407,1,3,,181,1,1,8,4,225,35,0,25,0,3,0,381,
354,banette,354,11,125,64,115,65,83,63,65,8,,159,408,1,3,353,181,1,6,8,4,45,35,0,25,0,3,1,382,
355,duskull,355,8,150,20,40,90,30,90,25,8,,59,410,1,3,,182,1,4,2,4,190,35,0,25,0,3,0,383,69
356,dusclops,356,16,306,40,70,130,60,130,25,8,,159,411,1,3,355,182,1,12,2,4,90,35,0,25,0,3,0,384,70
357,tropius,357,20,1000,99,68,83,72,87,51,12,3,161,413,1,3,,183,5,8,2,4,200,70,0,25,0,1,0,386,
358,chimecho,358,6,10,65,50,70,95,80,65,14,,149,415,1,3,433,184,2,4,3,4,45,70,0,25,0,3,0,388,53
359,absol,359,12,470,65,130,60,75,60,75,17,,163,416,1,3,,185,9,8,4,4,30,35,0,25,0,4,1,389,
360,wynaut,360,6,140,95,23,48,23,48,23,14,,52,246,1,3,,100,2,6,1,4,125,70,1,20,0,2,0,232,
361,snorunt,361,7,168,50,50,50,50,50,50,15,,60,418,1,3,,186,4,12,1,4,190,70,0,20,0,2,0,390,93
362,glalie,362,15,2565,80,80,80,80,80,80,15,,168,419,1,3,361,186,4,1,1,4,75,70,0,20,0,2,0,391,94
363,spheal,363,8,395,70,40,50,55,50,25,15,11,58,421,1,3,,187,2,3,7,4,255,70,0,20,0,4,0,393,60
364,sealeo,364,11,876,90,60,70,75,70,45,15,11,144,422,1,3,363,187,2,3,7,4,120,70,0,20,0,4,0,394,61
365,walrein,365,14,1506,110,80,90,95,90,65,15,11,239,423,1,3,364,187,2,8,7,4,45,70,0,20,0,4,0,395,62
366,clamperl,366,4,525,35,64,85,74,55,32,11,,69,424,1,3,,188,2,1,7,4,255,70,0,20,0,5,0,396,
367,huntail,367,17,270,55,104,105,94,75,52,11,,170,425,1,3,366,188,2,2,7,4,60,70,0,20,0,5,0,397,
368,gorebyss,368,18,226,55,84,105,114,75,52,11,,170,426,1,3,366,188,6,2,7,4,60,70,0,20,0,5,0,398,
369,relicanth,369,10,234,100,90,130,45,65,55,11,6,170,427,1,3,,189,4,3,7,1,25,70,0,40,1,1,0,399,
370,luvdisc,370,6,87,43,30,55,40,65,97,11,,116,428,1,3,,190,6,3,7,6,225,70,0,20,0,3,0,400,
371,bagon,371,6,421,45,75,60,40,30,50,16,,60,429,1,3,,191,2,12,6,4,45,35,0,40,0,1,0,401,
372,shelgon,372,11,1105,65,95,100,60,50,50,16,,147,430,1,3,371,191,9,8,6,4,45,35,0,40,0,1,0,402,
373,salamence,373,15,1026,95,135,80,110,80,100,16,3,270,431,1,3,372,191,2,8,6,4,45,35,0,40,0,1,0,403,
374,beldum,374,6,952,40,55,80,35,60,30,9,14,60,432,1,3,,192,2,5,6,-1,3,35,0,40,0,1,0,404,82
375,metang,375,12,2025,60,75,100,55,80,50,9,14,147,433,1,3,374,192,2,4,6,-1,3,35,0,40,0,1,0,405,83
376,metagross,376,16,5500,80,135,130,95,90,70,9,14,270,434,1,3,375,192,2,11,6,-1,3,35,0,40,0,1,0,406,84
377,regirock,377,17,2300,80,100,200,50,100,50,6,,261,435,1,3,,193,3,12,1,-1,3,35,0,80,0,1,0,407,
378,regice,378,18,1750,80,50,100,100,200,50,15,,261,436,1,3,,194,2,12,1,-1,3,35,0,80,0,1,0,408,
379,registeel,379,19,2050,80,75,150,75,150,50,9,,261,437,1,3,,195,4,12,1,-1,3,35,0,80,0,1,0,409,193
380,latias,380,14,400,80,80,90,110,130,110,16,14,270,438,1,3,,196,8,9,9,8,3,90,0,120,0,1,0,410,
381,latios,381,20,600,80,90,80,130,110,110,16,14,270,439,1,3,,197,2,9,9,0,3,90,0,120,0,1,0,411,
382,kyogre,382,45,3520,100,100,90,150,140,90,11,,302,440,1,3,,198,2,3,7,-1,5,0,0,120,0,1,0,412,
383,groudon,383,35,9500,100,150,140,100,90,90,5,,302,441,1,3,,199,8,6,6,-1,5,0,0,120,0,1,0,413,194
384,rayquaza,384,70,2065,105,150,90,150,90,95,16,3,306,442,1,3,,200,5,2,5,-1,3,0,0,120,0,1,0,414,200
385,jirachi,385,3,11,100,100,100,100,100,100,9,14,270,443,1,3,,201,10,12,4,-1,3,100,0,120,0,1,0,415,
386,deoxys-normal,386,17,608,50,150,50,150,50,150,14,,270,444,1,3,,202,8,12,5,-1,3,0,0,120,0,1,1,416,
387,turtwig,387,4,102,55,68,64,45,55,31,12,,64,448,1,4,,203,5,8,,1,45,70,0,20,0,4,0,417,
388,grotle,388,11,970,75,89,85,55,65,36,12,,142,449,1,4,387,203,5,8,,1,45,70,0,20,0,4,0,418,
389,torterra,389,22,3100,95,109,105,75,85,56,12,5,236,450,1,4,388,203,5,8,,1,45,70,0,20,0,4,0,419,
390,chimchar,390,5,62,44,58,44,58,44,61,10,,62,451,1,4,,204,3,6,,1,45,70,0,20,0,4,0,420,115
391,monferno,391,9,220,64,78,52,78,52,81,10,2,142,452,1,4,390,204,3,6,,1,45,70,0,20,0,4,0,421,116
392,infernape,392,12,550,76,104,71,104,71,108,10,2,240,453,1,4,391,204,3,6,,1,45,70,0,20,0,4,0,422,117
393,piplup,393,4,52,53,51,53,61,56,40,11,,63,454,1,4,,205,2,12,,1,45,70,0,20,0,4,0,423,133
394,prinplup,394,8,230,64,66,68,81,76,50,11,,142,455,1,4,393,205,2,6,,1,45,70,0,20,0,4,0,424,134
395,empoleon,395,17,845,84,86,88,111,101,60,11,9,239,456,1,4,394,205,2,6,,1,45,70,0,20,0,4,0,425,135
396,starly,396,3,20,40,55,30,30,30,60,1,3,49,457,1,4,,206,3,9,,4,255,70,0,15,1,4,0,426,26
397,staravia,397,6,155,55,75,50,40,40,80,1,3,119,458,1,4,396,206,3,9,,4,120,70,0,15,1,4,0,427,27
398,staraptor,398,12,249,85,120,70,50,60,100,1,3,214,459,1,4,397,206,3,9,,4,45,70,0,15,1,4,0,428,28
399,bidoof,399,5,200,59,45,40,35,40,31,1,,50,460,1,4,,207,3,8,,4,255,70,0,15,1,2,0,429,29
400,bibarel,400,10,315,79,85,60,55,60,71,1,11,144,461,1,4,399,207,3,6,,4,127,70,0,15,1,2,0,430,30
401,kricketot,401,3,22,37,25,41,25,41,25,7,,39,462,1,4,,208,8,12,,4,255,70,0,15,1,4,0,431,
402,kricketune,402,10,255,77,85,51,55,51,65,7,,134,463,1,4,401,208,8,13,,4,45,70,0,15,1,4,0,432,
403,shinx,403,5,95,45,65,34,40,34,45,13,,53,464,1,4,,209,2,8,,4,235,70,0,20,1,4,0,433,34
404,luxio,404,9,305,60,85,49,60,49,60,13,,127,465,1,4,403,209,2,8,,4,120,100,0,20,1,4,0,434,35
405,luxray,405,14,420,80,120,79,95,79,70,13,,235,466,1,4,404,209,2,8,,4,45,70,0,20,1,4,0,435,36
406,budew,406,2,12,40,30,35,50,70,55,12,4,56,364,1,4,,158,5,12,,4,255,70,1,20,0,4,0,341,
407,roserade,407,9,145,60,70,65,125,105,90,12,4,227,366,1,4,315,158,5,12,,4,75,70,0,20,1,4,0,343,
408,cranidos,408,9,315,67,125,40,30,30,58,6,,70,467,1,4,,211,2,6,,1,45,70,0,30,0,5,0,436,
409,rampardos,409,16,1025,97,165,60,65,50,58,6,,173,468,1,4,408,211,2,6,,1,45,70,0,30,0,5,0,437,
410,shieldon,410,5,570,30,42,118,42,88,30,6,9,70,469,1,4,,212,4,8,,1,45,70,0,30,0,5,0,438,163
411,bastiodon,411,13,1495,60,52,168,47,138,30,6,9,173,470,1,4,410,212,4,8,,1,45,70,0,30,0,5,0,439,164
412,burmy,412,2,34,40,29,45,29,45,36,7,,45,471,1,4,,213,4,2,,4,120,70,0,15,0,2,1,440,
413,wormadam-plant,413,5,65,60,59,85,79,105,36,7,12,148,472,1,4,412,213,4,2,,8,45,70,0,15,0,2,0,441,
414,mothim,414,9,233,70,94,50,94,50,66,7,3,148,475,1,4,412,213,10,13,,0,45,70,0,15,0,2,0,442,
415,combee,415,3,55,30,30,42,30,42,70,7,3,49,476,1,4,,214,10,11,,1,120,70,0,15,1,4,0,443,
416,vespiquen,416,12,385,70,80,102,80,102,40,7,3,166,477,1,4,415,214,10,9,,8,45,70,0,15,0,4,0,444,
417,pachirisu,417,4,39,60,45,70,45,90,95,13,,142,478,1,4,,215,9,8,,4,200,100,0,10,1,2,0,445,
418,buizel,418,7,295,55,65,35,60,30,85,11,,66,479,1,4,,216,3,8,,4,190,70,0,20,1,2,0,446,
419,floatzel,419,11,335,85,105,55,85,50,115,11,,173,480,1,4,418,216,3,8,,4,75,70,0,20,1,2,0,447,
420,cherubi,420,4,33,45,35,45,62,53,35,12,,55,481,1,4,,217,6,11,,4,190,70,0,20,0,2,0,448,
421,cherrim,421,5,93,70,60,70,87,78,85,12,,158,482,1,4,420,217,6,7,,4,75,70,0,20,0,2,1,449,
422,shellos,422,3,63,76,48,48,57,62,34,11,,65,483,1,4,,218,7,14,,4,190,70,0,20,0,2,0,450,
423,gastrodon,423,9,299,111,83,68,92,82,39,11,5,166,484,1,4,422,218,7,14,,4,75,70,0,20,0,2,0,451,
424,ambipom,424,12,203,75,100,66,60,66,115,1,,169,234,1,4,190,93,7,6,,4,45,100,0,20,1,3,0,220,
425,drifloon,425,4,12,90,50,34,60,44,70,8,3,70,485,1,4,,219,7,4,,4,125,70,0,30,0,6,0,452,167
426,drifblim,426,12,150,150,80,44,90,54,80,8,3,174,486,1,4,425,219,7,4,,4,60,70,0,30,0,6,0,453,168
427,buneary,427,4,55,55,66,44,44,56,85,1,,70,487,1,4,,220,3,6,,4,190,0,0,20,0,2,0,454,
428,lopunny,428,12,333,65,76,84,54,96,105,1,,168,488,1,4,427,220,3,6,,4,60,140,0,20,0,2,0,455,
429,mismagius,429,9,44,60,60,60,105,105,105,8,,173,244,1,4,200,98,7,1,,4,45,35,0,25,0,3,0,230,184
430,honchkrow,430,9,273,100,125,52,105,52,71,17,3,177,242,1,4,198,97,1,9,,4,30,35,0,20,0,4,0,228,
431,glameow,431,5,39,49,55,42,42,37,85,1,,62,489,1,4,,221,4,8,,6,190,70,0,20,0,3,0,456,
432,purugly,432,10,438,71,82,64,64,59,112,1,,158,490,1,4,431,221,4,8,,6,75,70,0,20,0,3,0,457,
433,chingling,433,2,6,45,30,50,65,50,45,14,,57,414,1,4,,184,10,12,,4,120,70,1,25,0,3,0,387,52
434,stunky,434,4,192,63,63,47,41,41,74,4,17,66,491,1,4,,223,7,8,,4,225,70,0,20,0,2,0,458,
435,skuntank,435,10,380,103,93,67,71,61,84,4,17,168,492,1,4,434,223,7,8,,4,60,70,0,20,0,2,0,459,
436,bronzor,436,5,605,57,24,86,24,86,23,9,14,60,493,1,4,,224,5,1,,-1,255,70,0,20,0,2,0,460,
437,bronzong,437,13,1870,67,89,116,79,116,33,9,14,175,494,1,4,436,224,5,4,,-1,90,70,0,20,0,2,0,461,
438,bonsly,438,5,150,50,80,95,10,45,10,6,,58,228,1,4,,91,3,7,,4,255,70,1,20,0,2,0,214,
439,mime-jr,439,6,130,20,25,45,70,90,60,14,18,62,146,1,4,,57,6,12,,4,145,70,1,25,0,2,0,139,
440,happiny,440,6,244,100,5,5,15,65,30,1,,110,132,1,4,,51,6,12,,8,130,140,1,40,0,3,0,126,
441,chatot,441,5,19,76,65,45,92,42,91,1,3,144,495,1,4,,228,1,9,,4,30,35,0,20,0,4,0,462,
442,spiritomb,442,10,1080,50,92,108,92,108,35,8,17,170,496,1,4,,229,7,5,,4,100,70,0,30,0,2,0,463,187
443,gible,443,7,205,58,70,45,40,45,42,16,5,60,497,1,4,,230,2,6,,4,45,70,0,40,1,1,0,464,85
444,gabite,444,14,560,68,90,65,50,55,82,16,5,144,498,1,4,443,230,2,6,,4,45,70,0,40,1,1,0,465,86
445,garchomp,445,19,950,108,130,95,80,85,102,16,5,270,499,1,4,444,230,2,6,,4,45,70,0,40,1,1,1,466,87
446,munchlax,446,6,1050,135,85,40,40,85,5,1,,78,185,1,4,,72,1,12,,1,50,70,1,40,0,1,0,174,178
447,riolu,447,7,202,40,70,40,35,40,60,2,,57,501,1,4,,232,2,6,,1,75,70,1,25,0,4,0,467,50
448,lucario,448,12,540,70,110,70,115,70,90,2,9,184,502,1,4,447,232,2,6,,1,45,70,0,25,0,4,1,468,51
449,hippopotas,449,8,495,68,72,78,38,42,32,5,,66,504,1,4,,233,3,8,,4,140,70,0,30,1,1,0,469,
450,hippowdon,450,20,3000,108,112,118,68,72,47,5,,184,505,1,4,449,233,3,8,,4,60,70,0,30,1,1,0,470,
451,skorupi,451,8,120,40,50,90,30,55,65,4,7,66,506,1,4,,234,7,14,,4,120,70,0,20,0,1,0,471,156
452,drapion,452,13,615,70,90,110,60,75,95,4,17,175,507,1,4,451,234,7,14,,4,45,70,0,20,0,1,0,472,157
453,croagunk,453,7,230,48,61,40,61,40,50,4,2,60,508,1,4,,235,2,12,,4,140,100,0,10,1,2,0,473,88
454,toxicroak,454,13,444,83,106,65,86,65,85,4,2,172,509,1,4,453,235,2,12,,4,75,70,0,20,1,2,0,474,89
455,carnivine,455,14,270,74,100,72,90,72,46,12,,159,510,1,4,,236,5,10,,4,200,70,0,25,0,1,0,475,186
456,finneon,456,4,70,49,49,56,49,61,66,11,,66,511,1,4,,237,2,3,,4,190,70,0,20,1,5,0,476,
457,lumineon,457,12,240,69,69,76,69,86,91,11,,161,512,1,4,456,237,2,3,,4,75,70,0,20,1,5,0,477,
458,mantyke,458,10,650,45,20,50,60,120,50,11,3,69,273,1,4,,116,2,9,,4,25,70,1,25,0,1,0,258,
459,snover,459,10,505,60,62,50,62,60,40,12,15,67,513,1,4,,239,9,6,,4,120,70,0,20,1,1,0,478,
460,abomasnow,460,22,1355,90,92,75,92,85,60,12,15,173,514,1,4,459,239,9,6,,4,60,70,0,20,1,1,1,479,
461,weavile,461,11,340,70,120,65,45,85,125,17,15,179,261,1,4,215,109,1,6,,4,45,35,0,20,1,4,0,246,182
462,magnezone,462,12,1800,70,70,115,130,90,60,13,9,241,95,1,4,82,34,4,4,,-1,30,70,0,20,0,2,0,90,
463,lickilicky,463,17,1400,110,85,95,80,95,50,1,,180,126,1,4,108,48,6,12,,4,30,70,0,20,0,2,0,120,
464,rhyperior,464,24,2828,115,140,130,55,55,40,5,6,241,131,1,4,112,50,4,6,,4,30,70,0,20,1,1,0,125,162
465,tangrowth,465,20,1286,100,100,125,110,50,50,12,,187,136,1,4,114,52,2,12,,4,30,70,0,20,1,2,0,130,
466,electivire,466,18,1386,75,123,67,95,85,95,13,,243,155,1,4,125,60,10,6,,2,30,70,0,25,0,2,0,147,
467,magmortar,467,16,680,75,95,67,125,95,83,10,,243,158,1,4,126,61,8,6,,2,30,70,0,25,0,2,0,150,
468,togekiss,468,15,380,85,50,95,120,115,80,18,3,245,218,1,4,176,87,9,9,,1,30,70,0,10,0,3,0,205,
469,yanmega,469,19,515,86,76,86,116,56,95,7,3,180,238,1,4,193,95,5,13,,4,30,70,0,20,0,2,0,224,
470,leafeon,470,10,255,65,110,130,60,65,95,12,,184,173,1,4,133,67,5,8,,1,45,35,0,35,0,2,0,163,7
471,glaceon,471,8,259,65,60,110,130,95,65,15,,184,174,1,4,133,67,2,8,,1,45,35,0,35,0,2,0,164,8
472,gliscor,472,20,425,75,95,125,45,75,95,5,3,179,253,1,4,207,104,7,9,,4,30,70,0,20,0,4,0,239,
473,mamoswine,473,25,2910,110,130,80,70,60,80,15,5,239,268,1,4,221,112,3,8,,4,50,70,0,20,1,1,0,253,
474,porygon-z,474,9,340,85,80,70,135,75,90,1,,241,178,1,4,233,68,8,4,,-1,30,70,0,20,0,2,0,168,
475,gallade,475,16,520,68,125,65,65,115,80,14,2,233,327,1,4,281,140,9,12,,0,45,35,0,20,0,1,0,308,12
476,probopass,476,14,3400,60,55,145,75,150,40,6,9,184,344,1,4,299,147,4,11,,4,60,70,0,20,0,2,0,325,
477,dusknoir,477,22,1066,45,100,135,65,135,45,8,,236,412,1,4,356,182,1,4,,4,45,35,0,25,0,3,0,385,71
478,froslass,478,13,266,70,80,70,80,70,110,15,8,168,420,1,4,361,186,9,4,,8,75,70,0,20,0,2,0,392,95
479,rotom,479,3,3,50,50,77,95,77,91,13,8,154,516,1,4,,240,8,1,,-1,45,70,0,20,0,2,1,480,
480,uxie,480,3,3,75,75,130,75,130,95,14,,261,522,1,4,,241,10,6,,-1,3,140,0,80,0,1,0,481,
481,mesprit,481,3,3,80,105,105,105,105,80,14,,261,523,1,4,,242,6,6,,-1,3,140,0,80,0,1,0,482,
482,azelf,482,3,3,75,125,70,125,70,115,14,,261,524,1,4,,243,2,6,,-1,3,140,0,80,0,1,0,483,
483,dialga,483,54,6830,100,120,120,150,100,90,9,16,306,525,1,4,,244,9,8,,-1,30,0,0,120,0,1,0,484,195
484,palkia,484,42,3360,90,120,100,150,120,100,11,16,306,526,1,4,,245,7,6,,-1,30,0,0,120,0,1,0,485,
485,heatran,485,17,4300,91,90,106,130,106,77,10,9,270,527,1,4,,246,3,8,,4,3,100,0,10,0,1,0,486,
486,regigigas,486,37,4200,110,160,110,80,110,100,1,,302,528,1,4,,247,9,12,,-1,3,0,0,120,0,1,0,487,
487,giratina-altered,487,45,7500,150,100,120,100,120,90,8,16,306,529,1,4,,248,1,10,,-1,3,0,0,120,0,1,1,488,
488,cresselia,488,15,856,120,70,120,75,130,85,14,,270,531,1,4,,249,10,14,,8,3,100,0,120,0,1,0,489,
489,phione,489,4,31,80,80,80,80,80,80,11,,216,532,1,4,,250,2,4,,-1,30,70,0,40,0,1,0,490,
490,manaphy,490,3,14,100,100,100,100,100,100,11,,270,533,1,4,,250,2,12,,-1,3,70,0,10,0,1,0,491,
491,darkrai,491,15,505,70,90,90,135,90,125,17,,270,534,1,4,,252,1,12,,-1,3,0,0,120,0,1,0,492,
492,shaymin-land,492,2,21,100,100,100,100,100,100,12,,270,535,1,4,,253,5,8,,-1,45,100,0,120,0,4,1,493,
493,arceus,493,32,3200,120,120,120,120,120,120,1,,324,537,1,4,,254,4,8,,-1,3,0,0,120,0,1,1,494,199
494,victini,494,4,40,100,100,100,100,100,100,14,10,270,539,1,5,,255,10,12,,-1,3,100,0,120,0,1,0,495,
495,snivy,495,6,81,45,45,55,45,55,63,12,,62,540,1,5,,256,5,6,,1,45,70,0,20,0,4,0,496,118
496,servine,496,8,160,60,60,75,60,75,83,12,,145,541,1,5,495,256,5,6,,1,45,70,0,20,0,4,0,497,119
497,serperior,497,33,630,75,75,95,75,95,113,12,,238,542,1,5,496,256,5,2,,1,45,70,0,20,0,4,0,498,120
498,tepig,498,5,99,65,63,45,45,45,45,10,,62,543,1,5,,257,8,8,,1,45,70,0,20,0,4,0,499,121
499,pignite,499,10,555,90,93,55,70,55,55,10,2,146,544,1,5,498,257,8,6,,1,45,70,0,20,0,4,0,500,122
500,emboar,500,16,1500,110,123,65,100,65,65,10,2,238,545,1,5,499,257,8,6,,1,45,70,0,20,0,4,0,501,123
501,oshawott,501,5,59,55,55,45,63,45,45,11,,62,546,1,5,,258,2,6,,1,45,70,0,20,0,4,0,502,106
502,dewott,502,8,245,75,75,60,83,60,60,11,,145,547,1,5,501,258,2,6,,1,45,70,0,20,0,4,0,503,107
503,samurott,503,15,946,95,100,85,108,70,70,11,,238,548,1,5,502,258,2,8,,1,45,70,0,20,0,4,0,504,108
504,patrat,504,5,116,45,55,39,35,39,42,1,,51,549,1,5,,259,3,8,,4,255,70,0,15,0,2,0,505,
505,watchog,505,11,270,60,85,69,60,69,77,1,,147,550,1,5,504,259,3,6,,4,255,70,0,20,0,2,0,506,
506,lillipup,506,4,41,45,60,45,25,45,55,1,,55,551,1,5,,260,3,8,,4,255,70,0,15,0,4,0,507,
507,herdier,507,9,147,65,80,65,35,65,60,1,,130,552,1,5,506,260,4,8,,4,120,70,0,15,0,4,0,508,
508,stoutland,508,12,610,85,110,90,45,90,80,1,,221,553,1,5,507,260,4,8,,4,45,70,0,15,0,4,0,509,
509,purrloin,509,4,101,41,50,37,50,37,66,17,,56,554,1,5,,261,7,8,,4,255,70,0,20,0,2,0,510,
510,liepard,510,11,375,64,88,50,88,50,106,17,,156,555,1,5,509,261,7,8,,4,90,70,0,20,0,2,0,511,
511,pansage,511,6,105,50,53,48,53,48,64,12,,63,556,1,5,,262,5,6,,1,190,70,0,20,0,2,0,512,136
512,simisage,512,11,305,75,98,63,98,63,101,12,,174,557,1,5,511,262,5,6,,1,75,70,0,20,0,2,0,513,137
513,pansear,513,6,110,50,53,48,53,48,64,10,,63,558,1,5,,263,8,6,,1,190,70,0,20,0,2,0,514,138
514,simisear,514,10,280,75,98,63,98,63,101,10,,174,559,1,5,513,263,8,6,,1,75,70,0,20,0,2,0,515,139
515,panpour,515,6,135,50,53,48,53,48,64,11,,63,560,1,5,,264,2,6,,1,190,70,0,20,0,2,0,516,140
516,simipour,516,10,290,75,98,63,98,63,101,11,,174,561,1,5,515,264,2,6,,1,75,70,0,20,0,2,0,517,141
517,munna,517,6,233,76,25,45,67,55,24,14,,58,562,1,5,,265,6,8,,4,190,70,0,10,0,3,0,518,72
518,musharna,518,11,605,116,55,85,107,95,29,14,,170,563,1,5,517,265,6,12,,4,75,70,0,10,0,3,0,519,73
519,pidove,519,3,21,50,55,50,36,30,43,1,3,53,564,1,5,,266,4,9,,4,255,70,0,15,0,4,0,520,
520,tranquill,520,6,150,62,77,62,50,42,65,1,3,125,565,1,5,519,266,4,9,,4,120,70,0,15,0,4,0,521,
521,unfezant,521,12,290,80,115,80,65,55,93,1,3,215,566,1,5,520,266,4,9,,4,45,70,0,15,1,4,0,522,
522,blitzle,522,8,298,45,60,32,50,32,76,13,,59,567,1,5,,267,1,8,,4,190,70,0,20,0,2,0,523,74
523,zebstrika,523,16,795,75,100,63,80,63,116,13,,174,568,1,5,522,267,1,8,,4,75,70,0,20,0,2,0,524,75
524,roggenrola,524,4,180,55,75,85,25,25,15,6,,56,569,1,5,,268,2,7,,4,255,70,0,15,0,4,0,525,40
525,boldore,525,9,1020,70,105,105,50,40,20,6,,137,570,1,5,524,268,2,10,,4,120,70,0,15,0,4,0,526,41
526,gigalith,526,17,2600,85,135,130,60,80,25,6,,227,571,1,5,525,268,2,10,,4,45,70,0,15,0,4,0,527,42
527,woobat,527,4,21,55,45,43,55,43,72,14,3,63,572,1,5,,269,2,9,,4,190,70,0,15,0,2,0,528,
528,swoobat,528,9,105,67,57,55,77,55,114,14,3,149,573,1,5,527,269,2,9,,4,45,70,0,15,0,2,0,529,
529,drilbur,529,3,85,60,85,40,30,45,68,5,,66,574,1,5,,270,4,6,,4,120,70,0,20,0,2,0,530,152
530,excadrill,530,7,404,110,135,60,50,65,88,5,9,178,575,1,5,529,270,4,12,,4,60,70,0,20,0,2,0,531,153
531,audino,531,11,310,103,60,86,60,86,50,1,,390,576,1,5,,271,6,6,,4,255,70,0,20,0,3,0,532,185
532,timburr,532,6,125,75,80,55,25,35,35,2,,61,577,1,5,,272,4,12,,2,180,70,0,20,0,4,0,533,101
533,gurdurr,533,12,400,85,105,85,40,50,40,2,,142,578,1,5,532,272,4,12,,2,90,70,0,20,0,4,0,534,102
534,conkeldurr,534,14,870,105,140,95,55,65,45,2,,227,579,1,5,533,272,3,12,,2,45,70,0,20,0,4,0,535,103
535,tympole,535,5,45,50,50,40,50,40,64,11,,59,580,1,5,,273,2,3,,4,255,70,0,20,0,4,0,536,
536,palpitoad,536,8,170,75,65,55,65,55,69,11,5,134,581,1,5,535,273,2,6,,4,120,70,0,20,0,4,0,537,
537,seismitoad,537,15,620,105,95,75,85,75,74,11,5,225,582,1,5,536,273,2,12,,4,45,70,0,20,0,4,0,538,
538,throh,538,13,555,120,100,85,30,85,45,2,,163,583,1,5,,274,8,12,,0,45,70,0,20,0,2,0,539,
539,sawk,539,14,510,75,125,75,30,75,85,2,,163,584,1,5,,275,2,12,,0,45,70,0,20,0,2,0,540,
540,sewaddle,540,3,25,45,53,70,40,60,42,7,12,62,585,1,5,,276,10,14,,4,255,70,0,15,0,4,0,541,124
541,swadloon,541,5,73,55,63,90,50,80,42,7,12,133,586,1,5,540,276,5,4,,4,120,70,0,15,0,4,0,542,125
542,leavanny,542,12,205,75,103,80,70,80,92,7,12,221,587,1,5,541,276,10,12,,4,45,70,0,15,0,4,0,543,126
543,venipede,543,4,53,30,45,59,30,39,57,7,4,52,588,1,5,,277,8,14,,4,255,70,0,15,0,4,0,544,31
544,whirlipede,544,12,585,40,55,99,40,79,47,7,4,126,589,1,5,543,277,4,1,,4,120,70,0,15,0,4,0,545,32
545,scolipede,545,25,2005,60,100,89,55,69,112,7,4,214,590,1,5,544,277,8,14,,4,45,70,0,20,0,4,0,546,33
546,cottonee,546,3,6,40,27,60,37,50,66,12,18,56,591,1,5,,278,5,1,,4,190,70,0,20,0,2,0,547,48
547,whimsicott,547,7,66,60,67,85,77,75,116,12,18,168,592,1,5,546,278,5,12,,4,75,70,0,20,0,2,0,548,49
548,petilil,548,5,66,45,35,50,70,50,30,12,,56,593,1,5,,279,5,5,,8,190,70,0,20,0,2,0,549,43
549,lilligant,549,11,163,70,60,75,110,75,90,12,,168,594,1,5,548,279,5,5,,8,75,70,0,20,0,2,0,550,44
550,basculin-red-striped,550,10,180,70,92,65,80,55,98,11,,161,595,1,5,,280,5,3,,4,25,70,0,40,0,2,0,551,
551,sandile,551,7,152,50,72,35,35,35,65,5,17,58,597,1,5,,281,3,8,,4,180,70,0,20,0,4,0,552,66
552,krokorok,552,10,334,60,82,45,45,45,74,5,17,123,598,1,5,551,281,3,8,,4,90,70,0,20,0,4,0,553,67
553,krookodile,553,15,963,95,117,80,65,70,92,5,17,229,599,1,5,552,281,8,6,,4,45,70,0,20,0,4,0,554,68
554,darumaka,554,6,375,70,90,45,15,45,50,10,,63,600,1,5,,282,8,12,,4,120,70,0,20,0,4,0,555,142
555,darmanitan-standard,555,13,929,105,140,55,30,55,95,10,,168,601,1,5,554,282,8,8,,4,60,70,0,20,0,4,1,556,143
556,maractus,556,10,280,75,86,67,106,67,60,12,,161,603,1,5,,283,5,5,,4,255,70,0,20,0,2,0,557,
557,dwebble,557,3,145,50,65,85,35,35,55,7,6,65,604,1,5,,284,8,14,,4,190,70,0,20,0,2,0,558,
558,crustle,558,14,2000,70,95,125,65,75,45,7,6,166,605,1,5,557,284,8,14,,4,75,70,0,20,0,2,0,559,
559,scraggy,559,6,118,50,75,70,35,70,48,17,2,70,606,1,5,,285,10,6,,4,180,35,0,15,0,2,0,560,165
560,scrafty,560,11,300,65,90,115,45,115,58,17,2,171,607,1,5,559,285,8,6,,4,90,70,0,15,0,2,0,561,166
561,sigilyph,561,14,140,72,58,80,103,80,97,14,3,172,608,1,5,,286,1,9,,4,45,70,0,20,0,2,0,562,
562,yamask,562,5,15,38,30,85,55,65,30,8,,61,609,1,5,,287,1,4,,4,190,70,0,25,0,2,0,563,
563,cofagrigus,563,17,765,58,50,145,95,105,30,8,,169,610,1,5,562,287,10,5,,4,90,70,0,25,0,2,0,564,
564,tirtouga,564,7,165,54,78,103,53,45,22,11,6,71,611,1,5,,288,2,8,,1,45,70,0,30,0,2,0,565,
565,carracosta,565,12,810,74,108,133,83,65,32,11,6,173,612,1,5,564,288,2,6,,1,45,70,0,30,0,2,0,566,
566,archen,566,5,95,55,112,45,74,45,70,6,3,71,613,1,5,,289,10,9,,1,45,70,0,30,0,2,0,567,
567,archeops,567,14,320,75,140,65,112,65,110,6,3,177,614,1,5,566,289,10,9,,1,45,70,0,30,0,2,0,568,
568,trubbish,568,6,310,50,50,62,40,62,65,4,,66,615,1,5,,290,5,12,,4,190,70,0,20,0,2,0,569,
569,garbodor,569,19,1073,80,95,82,60,82,75,4,,166,616,1,5,568,290,5,12,,4,60,70,0,20,0,2,0,570,
570,zorua,570,7,125,40,65,40,80,40,65,17,,66,617,1,5,,291,4,8,,1,75,70,0,25,0,4,0,571,154
571,zoroark,571,16,811,60,105,60,120,60,105,17,,179,618,1,5,570,291,4,6,,1,45,70,0,20,0,4,0,572,155
572,minccino,572,4,58,55,50,40,40,40,75,1,,60,619,1,5,,292,4,8,,6,255,70,0,15,0,3,0,573,96
573,cinccino,573,5,75,75,95,60,65,60,115,1,,165,620,1,5,572,292,4,8,,6,60,70,0,15,0,3,0,574,97
574,gothita,574,4,58,45,30,50,55,65,45,14,,58,621,1,5,,293,7,12,,6,200,70,0,20,0,4,0,575,63
575,gothorita,575,7,180,60,45,70,75,85,55,14,,137,622,1,5,574,293,7,12,,6,100,70,0,20,0,4,0,576,64
576,gothitelle,576,15,440,70,55,95,95,110,65,14,,221,623,1,5,575,293,7,12,,6,50,70,0,20,0,4,0,577,65
577,solosis,577,3,10,45,30,40,105,50,20,14,,58,624,1,5,,294,5,1,,4,200,70,0,20,0,4,0,578,
578,duosion,578,6,80,65,40,50,125,60,30,14,,130,625,1,5,577,294,5,1,,4,100,70,0,20,0,4,0,579,
579,reuniclus,579,10,201,110,65,75,125,85,30,14,,221,626,1,5,578,294,5,4,,4,50,70,0,20,0,4,0,580,
580,ducklett,580,5,55,62,44,50,44,50,55,11,3,61,627,1,5,,295,2,9,,4,190,70,0,20,0,2,0,581,
581,swanna,581,13,242,75,87,63,87,63,98,11,3,166,628,1,5,580,295,9,9,,4,45,70,0,20,0,2,0,582,
582,vanillite,582,4,57,36,50,50,65,60,44,15,,61,629,1,5,,296,9,5,,4,255,70,0,20,0,1,0,583,
583,vanillish,583,11,410,51,65,65,80,75,59,15,,138,630,1,5,582,296,9,5,,4,120,70,0,20,0,1,0,584,
584,vanilluxe,584,13,575,71,95,85,110,95,79,15,,241,631,1,5,583,296,9,11,,4,45,70,0,20,0,1,0,585,
585,deerling,585,6,195,60,60,50,40,50,75,1,12,67,632,1,5,,297,10,8,,4,190,70,0,20,0,2,1,586,
586,sawsbuck,586,19,925,80,100,70,60,70,95,1,12,166,633,1,5,585,297,3,8,,4,75,70,0,20,0,2,1,587,
587,emolga,587,4,50,55,75,60,75,60,103,13,3,150,634,1,5,,298,9,8,,4,200,70,0,20,0,2,0,588,180
588,karrablast,588,5,59,50,75,45,40,45,60,7,,63,635,1,5,,299,2,12,,4,200,70,0,15,0,2,0,589,
589,escavalier,589,10,330,70,135,105,60,105,20,7,9,173,636,1,5,588,299,4,4,,4,75,70,0,15,0,2,0,590,
590,foongus,590,2,10,69,55,45,55,55,15,12,4,59,637,1,5,,300,9,4,,4,190,70,0,20,0,2,0,591,
591,amoonguss,591,6,105,114,85,70,85,80,30,12,4,162,638,1,5,590,300,9,4,,4,75,70,0,20,0,2,0,592,
592,frillish,592,12,330,55,40,50,65,85,40,11,8,67,639,1,5,,301,9,10,,4,190,70,0,20,1,2,0,593,
593,jellicent,593,22,1350,100,60,70,85,105,60,11,8,168,640,1,5,592,301,9,10,,4,60,70,0,20,1,2,0,594,
594,alomomola,594,12,316,165,75,80,40,45,65,11,,165,641,1,5,,302,6,3,,4,75,70,0,40,0,3,0,595,
595,joltik,595,1,6,50,47,50,57,50,65,7,13,64,642,1,5,,303,10,14,,4,190,70,0,20,0,2,0,596,147
596,galvantula,596,8,143,70,77,60,97,60,108,7,13,165,643,1,5,595,303,10,14,,4,75,70,0,20,0,2,0,597,148
597,ferroseed,597,6,188,44,50,91,24,86,10,12,9,61,644,1,5,,304,4,1,,4,255,70,0,20,0,2,0,598,
598,ferrothorn,598,10,1100,74,94,131,54,116,20,12,9,171,645,1,5,597,304,4,10,,4,90,70,0,20,0,2,0,599,
599,klink,599,3,210,40,55,70,45,60,30,9,,60,646,1,5,,305,4,11,,-1,130,70,0,20,0,4,0,600,
600,klang,600,6,510,60,80,95,70,85,50,9,,154,647,1,5,599,305,4,11,,-1,60,70,0,20,0,4,0,601,
601,klinklang,601,6,810,60,100,115,70,85,90,9,,234,648,1,5,600,305,4,11,,-1,30,70,0,20,0,4,0,602,
602,tynamo,602,2,3,35,55,40,45,40,60,13,,55,649,1,5,,306,9,3,,4,190,70,0,20,0,1,0,603,
603,eelektrik,603,12,220,65,85,70,75,70,40,13,,142,650,1,5,602,306,2,3,,4,60,70,0,20,0,1,0,604,
604,eelektross,604,21,805,85,115,80,105,80,50,13,,232,651,1,5,603,306,2,3,,4,30,70,0,20,0,1,0,605,
605,elgyem,605,5,90,55,55,55,85,55,30,14,,67,652,1,5,,307,2,6,,4,255,70,0,20,0,2,0,606,
606,beheeyem,606,10,345,75,75,75,125,95,40,14,,170,653,1,5,605,307,3,12,,4,90,70,0,20,0,2,0,607,
607,litwick,607,3,31,50,30,55,65,55,20,8,10,55,654,1,5,,308,9,5,,4,190,70,0,20,0,4,0,608,37
608,lampent,608,6,130,60,40,60,95,60,55,8,10,130,655,1,5,607,308,1,4,,4,90,70,0,20,0,4,0,609,38
609,chandelure,609,10,343,60,55,90,145,90,80,8,10,234,656,1,5,608,308,1,4,,4,45,70,0,20,0,4,0,610,39
610,axew,610,6,180,46,87,60,30,40,57,16,,64,657,1,5,,309,5,6,,4,75,35,0,40,0,1,0,611,144
611,fraxure,611,10,360,66,117,70,40,50,67,16,,144,658,1,5,610,309,5,6,,4,60,35,0,40,0,1,0,612,145
612,haxorus,612,18,1055,76,147,90,60,70,97,16,,243,659,1,5,611,309,10,6,,4,45,35,0,40,0,1,0,613,146
613,cubchoo,613,5,85,55,70,40,60,40,40,15,,61,660,1,5,,310,9,6,,4,120,70,0,20,0,2,0,614,104
614,beartic,614,26,2600,95,110,80,70,80,50,15,,170,661,1,5,613,310,9,8,,4,60,70,0,20,0,2,0,615,105
615,cryogonal,615,11,1480,70,50,30,95,135,105,15,,170,662,1,5,,311,2,1,,-1,25,70,0,25,0,2,0,616,
616,shelmet,616,4,77,50,40,85,40,65,25,7,,61,663,1,5,,312,8,1,,4,200,70,0,15,0,2,0,617,
617,accelgor,617,8,253,80,70,40,100,60,145,7,,173,664,1,5,616,312,8,4,,4,75,70,0,15,0,2,0,618,
618,stunfisk,618,7,110,109,66,84,81,99,32,5,13,165,665,1,5,,313,3,3,,4,75,70,0,20,0,2,0,619,
619,mienfoo,619,9,200,45,85,50,55,50,65,2,,70,666,1,5,,314,10,6,,4,180,70,0,25,0,4,0,620,
620,mienshao,620,14,355,65,125,60,95,60,105,2,,179,667,1,5,619,314,7,6,,4,45,70,0,25,0,4,0,621,
621,druddigon,621,16,1390,77,120,90,60,90,48,16,,170,668,1,5,,315,8,6,,4,45,70,0,30,0,2,0,622,
622,golett,622,10,920,59,74,50,35,50,35,5,8,61,669,1,5,,316,5,12,,-1,190,70,0,25,0,2,0,623,
623,golurk,623,28,3300,89,124,80,55,80,55,5,8,169,670,1,5,622,316,5,12,,-1,90,70,0,25,0,2,0,624,
624,pawniard,624,5,102,45,85,70,40,40,60,17,9,68,671,1,5,,317,8,12,,4,120,35,0,20,0,2,0,625,158
625,bisharp,625,16,700,65,125,100,60,70,70,17,9,172,672,1,5,624,317,8,12,,4,45,35,0,20,0,2,0,626,159
626,bouffalant,626,16,946,95,110,95,40,95,55,1,,172,673,1,5,,318,3,8,,4,45,70,0,20,0,2,0,627,
627,rufflet,627,5,105,70,83,50,37,50,60,1,3,70,674,1,5,,319,9,9,,0,190,70,0,20,0,1,0,628,169
628,braviary,628,15,410,100,123,75,57,75,80,1,3,179,675,1,5,627,319,8,9,,0,60,70,0,20,0,1,0,629,170
629,vullaby,629,5,90,70,55,75,45,65,60,17,3,74,676,1,5,,320,3,9,,8,190,35,0,20,0,1,0,630,
630,mandibuzz,630,12,395,110,65,105,55,95,80,17,3,179,677,1,5,629,320,3,9,,8,60,35,0,20,0,1,0,631,
631,heatmor,631,14,580,85,97,66,105,66,65,10,,169,678,1,5,,321,8,6,,4,90,70,0,20,0,2,0,632,
632,durant,632,3,330,58,109,112,48,48,109,7,9,169,679,1,5,,322,4,14,,4,90,70,0,20,0,2,0,633,
633,deino,633,8,173,52,65,50,45,50,38,17,16,60,680,1,5,,323,2,8,,4,45,35,0,40,0,1,0,634,90
634,zweilous,634,14,500,72,85,70,65,70,58,17,16,147,681,1,5,633,323,2,8,,4,45,35,0,40,0,1,0,635,91
635,hydreigon,635,18,1600,92,105,90,125,90,98,17,16,270,682,1,5,634,323,2,6,,4,45,35,0,40,0,1,0,636,92
636,larvesta,636,11,288,55,85,55,50,55,60,7,10,72,683,1,5,,324,9,14,,4,45,70,0,40,0,1,0,637,173
637,volcarona,637,16,460,85,60,65,135,105,100,7,10,248,684,1,5,636,324,9,13,,4,15,70,0,40,0,1,0,638,174
638,cobalion,638,21,2500,91,90,129,90,72,108,9,2,261,685,1,5,,325,2,8,,-1,3,35,0,80,0,1,0,639,
639,terrakion,639,19,2600,91,129,90,72,90,108,6,2,261,686,1,5,,326,4,8,,-1,3,35,0,80,0,1,0,640,191
640,virizion,640,20,2000,91,90,72,90,129,108,12,2,261,687,1,5,,327,5,8,,-1,3,35,0,80,0,1,0,641,
641,tornadus-incarnate,641,15,630,79,115,70,125,80,111,3,,261,688,1,5,,328,5,4,,0,3,90,0,120,0,1,1,642,
642,thundurus-incarnate,642,15,610,79,115,70,125,80,111,13,3,261,690,1,5,,329,2,4,,0,3,90,0,120,0,1,1,643,
643,reshiram,643,32,3300,100,120,100,150,120,90,16,10,306,692,1,5,,330,9,9,,-1,45,0,0,120,0,1,0,644,197
644,zekrom,644,29,3450,100,150,120,120,100,90,16,13,306,693,1,5,,331,1,6,,-1,45,0,0,120,0,1,0,645,198
645,landorus-incarnate,645,15,680,89,125,90,115,80,101,5,3,270,694,1,5,,332,3,4,,0,3,90,0,120,0,1,1,646,
646,kyurem,646,30,3250,125,130,90,130,90,95,16,15,297,696,1,5,,333,4,6,,-1,3,0,0,120,0,1,1,647,
647,keldeo-ordinary,647,14,485,91,72,90,129,90,108,11,2,261,699,1,5,,334,10,8,,-1,3,35,0,80,0,1,1,648,
648,meloetta-aria,648,6,65,100,77,77,128,128,90,1,14,270,701,1,5,,335,9,12,,-1,3,100,0,120,0,1,1,649,
649,genesect,649,15,825,71,120,95,120,95,99,7,9,270,703,1,5,,336,7,12,,-1,3,0,0,120,0,1,1,650,
650,chespin,650,0,0,56,61,65,48,45,38,12,,0,704,1,6,,337,5,6,,1,45,70,0,20,0,4,0,651,
651,quilladin,651,0,0,61,78,95,56,58,57,12,,0,705,1,6,650,337,5,6,,1,45,70,0,20,0,4,0,652,
652,chesnaught,652,0,0,88,107,122,74,75,64,12,2,0,706,1,6,651,337,5,6,,1,45,70,0,20,0,4,0,653,
653,fennekin,653,0,0,40,45,40,62,60,60,10,,0,707,1,6,,338,8,8,,1,45,70,0,20,0,4,0,654,
654,braixen,654,0,0,59,59,58,90,70,73,10,,0,708,1,6,653,338,8,6,,1,45,70,0,20,0,4,0,655,
655,delphox,655,0,0,75,69,72,114,100,104,10,14,0,709,1,6,654,338,8,6,,1,45,70,0,20,0,4,0,656,
656,froakie,656,0,0,41,56,40,62,44,71,11,,0,710,1,6,,339,2,8,,1,45,70,0,20,0,4,0,657,
657,frogadier,657,0,0,54,63,52,83,56,97,11,,0,711,1,6,656,339,2,12,,1,45,70,0,20,0,4,0,658,
658,greninja,658,0,0,72,95,67,103,71,122,11,17,0,712,1,6,657,339,2,12,,1,45,70,0,20,0,4,0,659,
659,bunnelby,659,0,0,38,36,38,32,36,57,1,,0,713,1,6,,340,3,6,,4,255,70,0,15,0,2,0,660,
660,diggersby,660,0,0,85,56,77,50,77,78,1,5,0,714,1,6,659,340,3,6,,4,127,70,0,15,0,2,0,661,
661,fletchling,661,0,0,45,50,43,40,38,62,1,3,0,715,1,6,,341,8,9,,4,255,70,0,15,0,4,0,662,
662,fletchinder,662,0,0,62,73,55,56,52,84,10,3,0,716,1,6,661,341,8,9,,4,120,70,0,15,0,4,0,663,
663,talonflame,663,0,0,78,81,71,74,69,126,10,3,0,717,1,6,662,341,8,9,,4,45,70,0,15,0,4,0,664,
664,scatterbug,664,0,0,38,35,40,27,25,35,7,,0,718,1,6,,342,1,14,,4,255,70,0,15,0,2,0,665,
665,spewpa,665,0,0,45,22,60,27,30,29,7,,0,719,1,6,664,342,1,5,,4,120,70,0,15,0,2,0,666,
666,vivillon,666,0,0,80,52,50,90,50,89,7,3,0,720,1,6,665,342,1,13,,4,45,70,0,15,0,2,0,667,
667,litleo,667,0,0,62,50,58,73,54,72,10,1,0,721,1,6,,343,3,8,,7,220,70,0,20,0,4,0,668,
668,pyroar,668,0,0,86,68,72,109,66,106,10,1,0,722,1,6,667,343,3,8,,7,65,70,0,20,1,4,0,669,
669,flabebe,669,0,0,44,38,39,61,79,42,18,,0,723,1,6,,344,9,4,,8,225,70,0,20,0,2,0,670,
670,floette,670,0,0,54,45,47,75,98,52,18,,0,724,1,6,669,344,9,4,,8,120,70,0,20,0,2,0,671,
671,florges,671,0,0,78,65,68,112,154,75,18,,0,725,1,6,670,344,9,4,,8,45,70,0,20,0,2,0,672,
672,skiddo,672,0,0,66,65,48,62,57,52,12,,0,726,1,6,,345,3,8,,4,200,70,0,20,0,2,0,673,
673,gogoat,673,0,0,123,100,62,97,81,68,12,,0,727,1,6,672,345,3,8,,4,45,70,0,20,0,2,0,674,
674,pancham,674,0,0,67,82,62,46,48,43,2,,0,728,1,6,,346,9,6,,4,220,70,0,25,0,2,0,675,
675,pangoro,675,0,0,95,124,78,69,71,58,2,17,0,729,1,6,674,346,9,12,,4,65,70,0,25,0,2,0,676,
676,furfrou,676,0,0,75,80,60,65,90,102,1,,0,730,1,6,,347,9,8,,4,160,70,0,20,0,2,1,677,
677,espurr,677,0,0,62,48,54,63,60,68,14,,0,731,1,6,,348,4,6,,4,190,70,0,20,0,2,0,678,
678,meowstic-male,678,0,0,74,48,76,83,81,104,14,,0,732,1,6,677,348,9,6,,4,75,70,0,20,1,2,0,679,
679,honedge,679,0,0,45,80,100,35,37,28,9,8,0,734,1,6,,349,3,5,,4,180,70,0,20,0,2,0,680,
680,doublade,680,0,0,59,110,150,45,49,35,9,8,0,735,1,6,679,349,3,11,,4,90,70,0,20,0,2,0,681,
681,aegislash-shield,681,0,0,60,50,150,50,150,60,9,8,0,736,1,6,680,349,3,5,,4,45,70,0,20,0,2,1,682,
682,spritzee,682,0,0,78,52,60,63,65,23,18,,0,738,1,6,,350,6,4,,4,200,70,0,20,0,2,0,683,
683,aromatisse,683,0,0,101,72,72,99,89,29,18,,0,739,1,6,682,350,6,12,,4,140,70,0,20,0,2,0,684,
684,swirlix,684,0,0,62,48,66,59,57,49,18,,0,740,1,6,,351,9,7,,4,200,70,0,20,0,2,0,685,
685,slurpuff,685,0,0,82,80,86,85,75,72,18,,0,741,1,6,684,351,9,12,,4,140,70,0,20,0,2,0,686,
686,inkay,686,0,0,53,54,53,37,46,45,17,14,0,742,1,6,,352,2,10,,4,190,70,0,20,0,2,0,687,
687,malamar,687,0,0,86,92,88,68,75,73,17,14,0,743,1,6,686,352,2,5,,4,80,70,0,20,0,2,0,688,
688,binacle,688,0,0,42,52,67,39,56,50,6,11,0,744,1,6,,353,3,11,,4,120,70,0,20,0,2,0,689,
689,barbaracle,689,0,0,72,105,115,54,86,68,6,11,0,745,1,6,688,353,3,11,,4,45,70,0,20,0,2,0,690,
690,skrelp,690,0,0,50,60,60,60,60,30,4,11,0,746,1,6,,354,3,5,,4,225,70,0,20,0,2,0,691,
691,dragalge,691,0,0,65,75,90,97,123,44,4,16,0,747,1,6,690,354,3,5,,4,55,70,0,20,0,2,0,692,
692,clauncher,692,0,0,50,53,62,58,63,44,11,,0,748,1,6,,355,2,14,,4,225,70,0,15,0,1,0,693,
693,clawitzer,693,0,0,71,73,88,120,89,59,11,,0,749,1,6,692,355,2,2,,4,55,70,0,15,0,1,0,694,
694,helioptile,694,0,0,44,38,33,61,43,70,13,1,0,750,1,6,,356,10,6,,4,190,70,0,20,0,2,0,695,
695,heliolisk,695,0,0,62,55,52,109,94,109,13,1,0,751,1,6,694,356,10,6,,4,75,70,0,20,0,2,0,696,
696,tyrunt,696,0,0,58,89,77,45,45,48,6,16,0,752,1,6,,357,3,6,,1,45,70,0,30,0,2,0,697,
697,tyrantrum,697,0,0,82,121,119,69,59,71,6,16,0,753,1,6,696,357,8,6,,1,45,70,0,30,0,2,0,698,
698,amaura,698,0,0,77,59,50,67,63,46,6,15,0,754,1,6,,358,2,8,,1,45,70,0,30,0,2,0,699,
699,aurorus,699,0,0,123,77,72,99,92,58,6,15,0,755,1,6,698,358,2,8,,1,45,70,0,30,0,2,0,700,
700,sylveon,700,0,0,95,65,65,110,130,60,18,,0,175,1,6,133,67,6,8,,1,45,70,0,35,0,2,0,165,
701,hawlucha,701,0,0,78,92,75,74,63,118,2,3,0,756,1,6,,359,5,12,,4,100,70,0,20,0,2,0,701,
702,dedenne,702,0,0,67,58,57,81,67,101,13,18,0,757,1,6,,360,10,6,,4,180,70,0,20,0,2,0,702,
703,carbink,703,0,0,50,50,150,50,150,50,6,18,0,758,1,6,,361,4,1,,-1,60,70,0,25,0,1,0,703,
704,goomy,704,0,0,45,50,35,55,75,40,16,,0,759,1,6,,362,7,2,,4,45,35,0,40,0,1,0,704,
705,sliggoo,705,0,0,68,75,53,83,113,60,16,,0,760,1,6,704,362,7,2,,4,45,35,0,40,0,1,0,705,
706,goodra,706,0,0,90,100,70,110,150,80,16,,0,761,1,6,705,362,7,6,,4,45,35,0,40,0,1,0,706,
707,klefki,707,0,0,57,80,91,80,87,75,9,18,0,762,1,6,,363,4,1,,4,75,70,0,20,0,3,0,707,
708,phantump,708,0,0,43,70,48,50,60,38,8,12,0,763,1,6,,364,3,4,,4,120,70,0,20,0,2,0,708,
709,trevenant,709,0,0,85,110,76,65,82,56,8,12,0,764,1,6,708,364,3,10,,4,60,70,0,20,0,2,0,709,
710,pumpkaboo-average,710,0,0,49,66,70,44,55,51,8,12,0,765,1,6,,365,3,1,,4,120,70,0,20,0,2,0,710,
711,gourgeist-average,711,0,0,65,90,122,58,75,84,8,12,0,769,1,6,710,365,3,5,,4,60,70,0,20,0,2,0,711,
712,bergmite,712,0,0,55,69,85,32,35,28,15,,0,773,1,6,,366,2,8,,4,190,70,0,20,0,2,0,712,
713,avalugg,713,0,0,95,117,184,44,46,28,15,,0,774,1,6,712,366,2,8,,4,55,70,0,20,0,2,0,713,
714,noibat,714,0,0,40,30,35,45,40,55,3,16,0,775,1,6,,367,7,9,,4,190,70,0,20,0,2,0,714,
715,noivern,715,0,0,85,70,80,97,80,123,3,16,0,776,1,6,714,367,7,9,,4,45,70,0,20,0,2,0,715,
716,xerneas,716,0,0,126,131,95,131,98,99,18,,0,777,1,6,,368,2,8,,-1,45,0,0,120,0,1,1,716,
717,yveltal,717,0,0,126,131,95,131,98,99,17,3,0,778,1,6,,369,8,9,,-1,45,0,0,120,0,1,0,717,
718,zygarde,718,0,0,108,100,121,81,95,95,16,5,0,779,1,6,,370,5,2,,-1,3,0,0,120,0,1,0,718,
,,,,,50,100,150,100,150,50,6,18,,,,6,,371,6,4,,-1,3,70,0,25,0,1,0,719,
,,,,,80,110,60,150,130,70,14,8,,,,6,,372,7,1,,-1,3,100,0,120,0,1,0,720,
,,,,,80,110,120,130,90,70,10,11,,,,6,,373,3,1,,-1,3,100,0,120,0,1,0,721,